op_id,cell,concurrency,repetition,qa_id,scope_id,target_memory_id,commit_ms,rawerk_visible_ms,sparse_index_visible_ms,dense_index_visible_ms,candidate_fetch_ms,sparse_scoring_ms,dense_scoring_ms,zscore_fusion_ms,time_to_top10_ms,fresh_hit_at_10,projection_ok,candidate_count
r2_measured_00050,neo4j-materialized,16,2,lr000010::conv-50_qa_124,lr000010::conv-50,lr000010::conv-50_session_23_D23:11,3.916,6.7673,37.3665,153.0777,423.9425,9.2484,0.7706,0.4043,587.524,1,1,566
r2_measured_00069,neo4j-materialized,16,2,lr000000::conv-42_qa_34,lr000000::conv-42,lr000000::conv-42_session_3_D3:17,5.8697,8.8212,36.582,160.9801,490.2183,6.5119,0.5779,0.3529,,0,1,626
r2_measured_00104,neo4j-materialized,16,2,lr000014::conv-49_qa_67,lr000014::conv-49,lr000014::conv-49_session_16_D16:24,4.9637,7.8757,34.7935,130.9007,419.8332,3.5875,0.3615,0.3543,555.1032,1,1,508
r2_measured_00142,neo4j-materialized,16,2,lr000005::conv-42_qa_180,lr000005::conv-42,lr000005::conv-42_session_25_D25:19,4.3348,8.6772,40.2982,161.5014,486.7175,5.4392,1.176,0.3498,655.2652,1,1,628
r2_measured_00147,neo4j-materialized,16,2,lr000000::conv-43_qa_113,lr000000::conv-43,lr000000::conv-43_session_12_D12:21,6.5736,9.63,42.851,155.9587,535.1516,6.3784,0.9754,0.3425,,0,1,679
r2_measured_00165,neo4j-materialized,16,2,lr000014::conv-43_qa_174,lr000014::conv-43,lr000014::conv-43_session_28_D28:10,5.3348,10.736,67.2945,178.1103,577.3319,8.2204,0.6559,0.3681,764.7613,1,1,679
r2_measured_00166,neo4j-materialized,16,2,lr000011::conv-49_qa_66,lr000011::conv-49,lr000011::conv-49_session_16_D16:10,17.3865,26.6843,55.323,146.0928,462.6581,5.4122,0.4087,0.401,615.0436,1,1,509
r2_measured_00173,neo4j-materialized,16,2,lr000000::conv-47_qa_41,lr000000::conv-47,lr000000::conv-47_session_19_D19:12,3.851,7.2364,33.9865,147.508,559.006,5.3042,1.0313,0.3827,,0,1,686
r2_measured_00182,neo4j-materialized,16,2,lr000014::conv-41_qa_111,lr000014::conv-41,lr000014::conv-41_session_19_D19:3,5.308,8.6674,44.9757,171.3844,509.7265,6.4716,0.4957,0.3763,688.5401,1,1,661
r2_measured_00216,neo4j-materialized,16,2,lr000002::conv-42_qa_140,lr000002::conv-42,lr000002::conv-42_session_17_D17:8,4.342,8.238,36.2575,149.8798,490.0446,37.6517,0.8132,0.4595,,0,1,629
r2_measured_00237,neo4j-materialized,16,2,lr000012::conv-44_qa_1,lr000012::conv-44,lr000012::conv-44_session_1_D1:2,5.4914,10.5522,48.9976,171.3085,573.5699,10.3462,1.1784,0.3737,756.8643,1,1,672
r2_measured_00247,neo4j-materialized,16,2,lr000010::conv-48_qa_157,lr000010::conv-48,lr000010::conv-48_session_20_D20:21,4.5837,8.8461,36.9427,157.7539,522.9829,6.8272,0.7224,0.335,688.6904,1,1,680
r2_measured_00270,neo4j-materialized,16,2,lr000014::conv-49_qa_8,lr000014::conv-49,lr000014::conv-49_session_1_D1:14,3.7329,7.6575,34.6406,122.5854,540.1183,9.8153,1.7209,0.4293,674.7582,1,1,509
r2_measured_00278,neo4j-materialized,16,2,lr000013::conv-42_qa_195,lr000013::conv-42,lr000013::conv-42_session_28_D28:29,3.6939,7.6482,40.4323,181.2848,574.0633,5.5841,0.4067,0.355,,0,1,624
r2_measured_00280,neo4j-materialized,16,2,lr000011::conv-41_qa_44,lr000011::conv-41,lr000011::conv-41_session_25_D25:2,3.4617,7.6107,49.3453,188.2292,594.6359,5.5639,0.4654,0.3579,789.3361,1,1,662
r2_measured_00329,neo4j-materialized,16,2,lr000008::conv-44_qa_22,lr000008::conv-44,lr000008::conv-44_session_14_D14:1,5.5202,9.0151,36.8435,144.9201,543.1989,7.4,0.5719,0.3628,696.5188,1,1,674
r2_measured_00338,neo4j-materialized,16,2,lr000010::conv-26_qa_145,lr000010::conv-26,lr000010::conv-26_session_18_D18:5,4.2216,6.7354,26.8872,96.0079,343.5996,1.927,0.313,0.3434,442.2498,1,1,418
r2_measured_00341,neo4j-materialized,16,2,lr000013::conv-48_qa_169,lr000013::conv-48,lr000013::conv-48_session_24_D24:2,4.9523,8.2072,40.2456,175.3912,515.2484,5.4399,0.7398,0.3751,697.2762,1,1,679
r2_measured_00342,neo4j-materialized,16,2,lr000012::conv-48_qa_163,lr000012::conv-48,lr000012::conv-48_session_22_D22:25,3.7242,7.3818,34.2117,156.3174,527.0536,4.521,0.7511,0.3728,689.1023,1,1,681
r2_measured_00368,neo4j-materialized,16,2,lr000007::conv-44_qa_22,lr000007::conv-44,lr000007::conv-44_session_14_D14:1,4.9303,8.8239,87.6037,232.5232,558.3206,5.9834,0.6872,0.4008,797.9998,1,1,675
r2_measured_00427,neo4j-materialized,16,2,lr000007::conv-49_qa_153,lr000007::conv-49,lr000007::conv-49_session_25_D25:8,4.1719,11.0329,37.5462,133.9645,372.8791,7.5196,1.0067,0.3333,515.7727,1,1,507
r2_measured_00479,neo4j-materialized,16,2,lr000007::conv-26_qa_150,lr000007::conv-26,lr000007::conv-26_session_18_D18:13,6.0811,10.2449,34.9834,113.5868,325.3956,1.5466,0.2543,0.3082,,0,1,418
r2_measured_00519,neo4j-materialized,16,2,lr000005::conv-30_qa_8,lr000005::conv-30,lr000005::conv-30_session_2_D2:4,5.0785,10.7291,31.2186,96.5806,318.5851,1.3052,0.4631,0.3512,417.3431,1,1,369
r2_measured_00534,neo4j-materialized,16,2,lr000010::conv-44_qa_25,lr000010::conv-44,lr000010::conv-44_session_17_D17:1,5.3171,8.5542,41.1048,153.3255,487.462,4.9738,1.2982,0.3671,647.5087,1,1,674
r2_measured_00549,neo4j-materialized,16,2,lr000006::conv-47_qa_13,lr000006::conv-47,lr000006::conv-47_session_6_D6:12,5.6511,8.3977,35.865,147.5813,536.1919,10.8046,0.9746,0.5092,696.1548,1,1,688
r2_measured_00560,neo4j-materialized,16,2,lr000001::conv-49_qa_112,lr000001::conv-49,lr000001::conv-49_session_9_D9:5,4.5426,8.0829,40.4122,124.7175,379.4302,12.3797,0.5148,0.3349,,0,1,508
r2_measured_00572,neo4j-materialized,16,2,lr000014::conv-43_qa_158,lr000014::conv-43,lr000014::conv-43_session_25_D25:14,6.8488,10.5089,39.4393,158.9879,563.8672,10.9865,0.4835,0.3477,734.7475,1,1,680
r2_measured_00588,neo4j-materialized,16,2,lr000009::conv-42_qa_106,lr000009::conv-42,lr000009::conv-42_session_4_D4:16,4.0504,8.4813,37.8723,156.9302,503.3527,6.3292,0.5167,0.3587,,0,1,625
r2_measured_00608,neo4j-materialized,16,2,lr000009::conv-44_qa_34,lr000009::conv-44,lr000009::conv-44_session_12_D12:1,4.212,6.7367,80.9761,194.0037,542.0475,5.9577,0.7346,0.4319,743.2741,1,1,673
r2_measured_00644,neo4j-materialized,16,2,lr000002::conv-26_qa_103,lr000002::conv-26,lr000002::conv-26_session_6_D6:10,4.834,6.8079,31.8085,109.3582,336.2679,2.3813,0.2968,0.3576,448.7308,1,1,419
r2_measured_00652,neo4j-materialized,16,2,lr000014::conv-42_qa_169,lr000014::conv-42,lr000014::conv-42_session_24_D24:4,5.5756,9.1875,40.4779,163.711,509.638,4.8084,2.2639,0.6903,,0,1,625
r2_measured_00671,neo4j-materialized,16,2,lr000005::conv-47_qa_107,lr000005::conv-47,lr000005::conv-47_session_18_D18:3,4.6833,8.7439,60.9082,180.7673,611.8645,4.118,0.7163,0.3661,,0,1,689
r2_measured_00728,neo4j-materialized,16,2,lr000007::conv-41_qa_151,lr000007::conv-41,lr000007::conv-41_session_32_D32:11,4.8582,9.404,43.1215,174.7899,510.1783,9.3014,0.9024,0.3731,695.6214,1,1,660
r2_measured_00730,neo4j-materialized,16,2,lr000001::conv-42_qa_67,lr000001::conv-42,lr000001::conv-42_session_8_D8:3,5.83,9.5876,40.4959,148.9254,504.5527,3.481,0.9498,0.351,,0,1,628
r2_measured_00764,neo4j-materialized,16,2,lr000013::conv-48_qa_187,lr000013::conv-48,lr000013::conv-48_session_29_D29:12,4.0999,6.9343,83.7826,217.8726,557.8432,7.8167,0.6959,0.3867,784.7036,1,1,680
r2_measured_00783,neo4j-materialized,16,2,lr000000::conv-41_qa_84,lr000000::conv-41,lr000000::conv-41_session_10_D10:10,4.1675,7.8361,40.742,161.3687,541.0214,5.8606,0.8859,0.3939,709.6212,1,1,663
r2_measured_00844,neo4j-materialized,16,2,lr000006::conv-50_qa_15,lr000006::conv-50,lr000006::conv-50_session_8_D8:4,4.4477,9.3994,43.6076,165.7332,543.3625,6.679,0.511,0.3529,716.7032,1,1,567
r2_measured_00847,neo4j-materialized,16,2,lr000010::conv-50_qa_7,lr000010::conv-50,lr000010::conv-50_session_4_D4:17,3.5143,6.6743,35.1992,127.2147,522.0466,5.3873,0.3741,0.3452,655.4335,1,1,567
r2_measured_00854,neo4j-materialized,16,2,lr000013::conv-41_qa_53,lr000013::conv-41,lr000013::conv-41_session_28_D28:11,5.2522,8.5457,40.0032,163.8893,588.5274,10.1239,0.4724,0.3759,763.4707,1,1,662
r2_measured_00868,neo4j-materialized,16,2,lr000012::conv-47_qa_118,lr000012::conv-47,lr000012::conv-47_session_22_D22:10,4.9319,6.9309,37.9619,167.5645,559.4793,4.4555,0.6101,0.3551,732.5561,1,1,688
r2_measured_00897,neo4j-materialized,16,2,lr000007::conv-50_qa_91,lr000007::conv-50,lr000007::conv-50_session_12_D12:7,4.8808,8.3923,41.0222,135.0939,481.1134,6.8596,0.3938,0.3508,623.8846,1,1,566
r2_measured_00914,neo4j-materialized,16,2,lr000008::conv-26_qa_90,lr000008::conv-26,lr000008::conv-26_session_3_D3:16,4.0606,9.2023,33.1047,111.8953,312.7971,1.6438,0.2904,0.3405,,0,1,418
r2_measured_00934,neo4j-materialized,16,2,lr000008::conv-48_qa_47,lr000008::conv-48,lr000008::conv-48_session_13_D13:15,5.0817,7.5002,81.1896,196.4919,586.5072,6.732,1.9377,0.4028,792.1519,1,1,681
r2_measured_00954,neo4j-materialized,16,2,lr000007::conv-26_qa_89,lr000007::conv-26,lr000007::conv-26_session_2_D2:15,3.2391,5.2671,25.2992,107.5422,320.7248,3.1506,0.2821,0.5997,,0,1,419
r2_measured_01016,neo4j-materialized,16,2,lr000005::conv-42_qa_29,lr000005::conv-42,lr000005::conv-42_session_16_D16:11,4.7096,8.3274,42.0108,183.6661,547.7353,12.0954,0.6215,0.3784,744.5845,1,1,629
r2_measured_01019,neo4j-materialized,16,2,lr000009::conv-30_qa_6,lr000009::conv-30,lr000009::conv-30_session_1_D1:24,4.4046,8.3652,38.231,119.6952,322.4437,2.6167,0.2829,0.6376,445.743,1,1,368
r2_measured_01076,neo4j-materialized,16,2,lr000010::conv-48_qa_185,lr000010::conv-48,lr000010::conv-48_session_29_D29:7,5.3101,8.3617,43.4418,171.8364,568.5745,3.8942,1.1429,0.57,746.1523,1,1,681
r2_measured_01104,neo4j-materialized,16,2,lr000008::conv-49_qa_58,lr000008::conv-49,lr000008::conv-49_session_12_D12:2,3.4471,8.6892,34.7163,124.6468,417.341,8.3769,0.4772,0.3575,551.2723,1,1,508
r2_measured_01108,neo4j-materialized,16,2,lr000008::conv-50_qa_148,lr000008::conv-50,lr000008::conv-50_session_28_D28:10,3.2347,7.3772,37.2196,134.5668,434.0087,11.323,0.4308,0.3686,580.7742,1,1,568
r2_measured_01185,neo4j-materialized,16,2,lr000005::conv-26_qa_8,lr000005::conv-26,lr000005::conv-26_session_3_D3:1,3.5895,7.562,30.6974,107.3954,355.482,1.2924,0.2904,0.3503,464.8749,1,1,419
r2_measured_01190,neo4j-materialized,16,2,lr000009::conv-50_qa_107,lr000009::conv-50,lr000009::conv-50_session_17_D17:5,2.5385,7.6722,38.7566,148.0505,435.0988,16.6475,0.728,0.4125,601.0085,1,1,567
r2_measured_01217,neo4j-materialized,16,2,lr000007::conv-42_qa_45,lr000007::conv-42,lr000007::conv-42_session_22_D22:9,4.0478,6.6745,42.2348,154.1928,457.754,6.1965,0.5138,0.3462,619.0698,1,1,628
r2_measured_01232,neo4j-materialized,16,2,lr000001::conv-43_qa_6,lr000001::conv-43,lr000001::conv-43_session_3_D3:1,2.7622,6.3146,35.1095,152.1323,579.1339,11.2578,0.7509,0.3525,743.7032,1,1,679
r2_measured_01238,neo4j-materialized,16,2,lr000001::conv-50_qa_26,lr000001::conv-50,lr000001::conv-50_session_15_D15:12,5.216,9.4983,40.7101,141.6844,448.514,5.8747,0.4137,0.3801,596.9317,1,1,568
r2_measured_01269,neo4j-materialized,16,2,lr000004::conv-44_qa_98,lr000004::conv-44,lr000004::conv-44_session_20_D20:35,5.2142,8.2767,43.9785,172.8571,545.7924,6.6783,0.6816,0.3682,726.4502,1,1,675
r2_measured_01312,neo4j-materialized,16,2,lr000014::conv-44_qa_24,lr000014::conv-44,lr000014::conv-44_session_2_D2:16,3.2414,6.7328,35.2458,184.3988,729.1338,7.5637,0.6609,0.4146,,0,1,673
r2_measured_01315,neo4j-materialized,16,2,lr000016::conv-50_qa_111,lr000016::conv-50,lr000016::conv-50_session_19_D19:6,4.0575,8.0744,40.0232,143.8243,546.9814,8.8564,0.6601,0.425,700.8407,1,1,568
r2_measured_01332,neo4j-materialized,16,2,lr000004::conv-42_qa_123,lr000004::conv-42,lr000004::conv-42_session_13_D13:11,6.2446,11.4827,101.5223,239.8255,570.7578,7.9259,1.0001,0.4156,820.0183,1,1,628
r2_measured_01336,neo4j-materialized,16,2,lr000011::conv-26_qa_28,lr000011::conv-26,lr000011::conv-26_session_8_D8:9,4.2796,9.3678,33.5814,116.8658,387.5674,2.8242,0.7234,0.381,508.4465,1,1,416
r2_measured_01362,neo4j-materialized,16,2,lr000001::conv-41_qa_12,lr000001::conv-41,lr000001::conv-41_session_8_D8:18,4.8044,9.0998,47.5747,173.9457,539.4871,4.0296,0.4216,0.3545,718.3093,1,1,661
r2_measured_01423,neo4j-materialized,16,2,lr000016::conv-26_qa_53,lr000016::conv-26,lr000016::conv-26_session_13_D13:1,4.7292,6.8219,32.5931,102.5044,337.1632,1.7818,0.288,0.3352,442.132,1,1,419
r2_measured_01454,neo4j-materialized,16,2,lr000001::conv-43_qa_164,lr000001::conv-43,lr000001::conv-43_session_27_D27:6,4.6904,9.5732,50.0939,170.1147,525.9961,6.0899,0.8114,0.3512,703.4374,1,1,680
r2_measured_01516,neo4j-materialized,16,2,lr000006::conv-49_qa_72,lr000006::conv-49,lr000006::conv-49_session_20_D20:6,4.4084,6.7348,38.5509,130.2458,397.6946,7.6227,0.5756,0.3628,536.576,1,1,508
r2_measured_01547,neo4j-materialized,16,2,lr000000::conv-42_qa_195,lr000000::conv-42,lr000000::conv-42_session_28_D28:29,4.3053,7.2146,40.4391,138.3062,557.3391,7.7245,1.0005,0.4738,,0,1,627
r2_measured_01553,neo4j-materialized,16,2,lr000000::conv-43_qa_139,lr000000::conv-43,lr000000::conv-43_session_19_D19:9,5.2928,10.802,49.8247,171.3065,553.8272,6.5432,0.4744,0.3543,732.5776,1,1,680
r2_measured_01558,neo4j-materialized,16,2,lr000009::conv-42_qa_187,lr000009::conv-42,lr000009::conv-42_session_28_D28:12,4.1263,7.6139,35.7887,173.2985,468.7155,5.7331,0.5929,0.3634,648.7769,1,1,626
r2_measured_01563,neo4j-materialized,16,2,lr000016::conv-30_qa_68,lr000016::conv-30,lr000016::conv-30_session_14_D14:17,3.5457,6.5567,26.7954,99.8621,289.6119,1.2828,0.2581,0.3451,,0,1,369
r2_measured_01591,neo4j-materialized,16,2,lr000014::conv-44_qa_4,lr000014::conv-44,lr000014::conv-44_session_3_D3:18,4.1437,7.5423,36.6786,163.8891,526.652,3.423,0.8769,0.4135,695.3382,1,1,674
r2_measured_01626,neo4j-materialized,16,2,lr000012::conv-26_qa_0,lr000012::conv-26,lr000012::conv-26_session_1_D1:3,5.0571,10.1128,34.3467,118.9301,325.4151,2.4402,0.5487,0.4045,447.8102,1,1,419
r2_measured_01640,neo4j-materialized,16,2,lr000002::conv-44_qa_41,lr000002::conv-44,lr000002::conv-44_session_19_D19:12,5.7821,10.1385,71.6382,222.1467,642.1569,8.2269,0.5578,0.4093,873.5848,1,1,674
r2_measured_01643,neo4j-materialized,16,2,lr000014::conv-42_qa_75,lr000014::conv-42,lr000014::conv-42_session_3_D3:4,5.1783,8.7773,39.2135,159.7406,636.5188,3.5613,0.7446,0.434,,0,1,626
r2_measured_01649,neo4j-materialized,16,2,lr000009::conv-26_qa_119,lr000009::conv-26,lr000009::conv-26_session_10_D10:18,4.8695,8.6983,84.786,162.507,368.4036,3.0657,0.3533,0.4108,534.8173,1,1,419
r2_measured_01678,neo4j-materialized,16,2,lr000010::conv-41_qa_80,lr000010::conv-41,lr000010::conv-41_session_8_D8:15,4.6319,7.3866,59.3426,176.3636,510.381,9.7715,0.5636,0.3455,697.4966,1,1,663
r2_measured_01680,neo4j-materialized,16,2,lr000013::conv-41_qa_149,lr000013::conv-41,lr000013::conv-41_session_31_D31:1,11.7742,15.6849,45.511,158.1263,510.4591,4.6813,0.4986,0.3497,674.1875,1,1,663
r2_measured_01689,neo4j-materialized,16,2,lr000014::conv-42_qa_37,lr000014::conv-42,lr000014::conv-42_session_19_D19:1,5.2647,8.4845,40.2092,152.9196,490.3583,6.6761,0.6692,0.3907,651.0966,1,1,627
r2_measured_01705,neo4j-materialized,16,2,lr000013::conv-49_qa_37,lr000013::conv-49,lr000013::conv-49_session_3_D3:2,4.1608,7.7017,34.5413,126.0027,396.5291,16.4924,43.9611,0.3852,,0,1,509
r2_measured_01712,neo4j-materialized,16,2,lr000005::conv-43_qa_138,lr000005::conv-43,lr000005::conv-43_session_19_D19:6,5.052,8.5834,38.3591,156.5686,559.2627,8.6885,0.4706,0.3463,725.414,1,1,680
r2_measured_01724,neo4j-materialized,16,2,lr000009::conv-48_qa_163,lr000009::conv-48,lr000009::conv-48_session_22_D22:25,3.8879,7.8449,40.3604,173.2458,497.9265,6.7043,0.5743,0.3938,678.9311,1,1,680
r2_measured_01749,neo4j-materialized,16,2,lr000001::conv-26_qa_0,lr000001::conv-26,lr000001::conv-26_session_1_D1:3,5.3872,8.6317,34.3847,115.8851,296.6943,2.2926,0.2844,0.3335,415.5543,1,1,417
r2_measured_01766,neo4j-materialized,16,2,lr000008::conv-43_qa_116,lr000008::conv-43,lr000008::conv-43_session_13_D13:6,4.9958,10.1489,42.6461,173.7743,554.4794,5.0001,0.7476,0.3618,734.4419,1,1,680
r2_measured_01786,neo4j-materialized,16,2,lr000016::conv-48_qa_67,lr000016::conv-48,lr000016::conv-48_session_23_D23:15,3.118,5.1394,38.5335,158.3501,610.3999,6.0488,0.7855,0.3519,776.0078,1,1,678
r2_measured_01797,neo4j-materialized,16,2,lr000008::conv-26_qa_63,lr000008::conv-26,lr000008::conv-26_session_15_D15:11,4.7301,9.167,76.1236,146.8361,331.2256,3.1935,0.2647,0.336,481.91,1,1,419
r2_measured_01804,neo4j-materialized,16,2,lr000012::conv-49_qa_151,lr000012::conv-49,lr000012::conv-49_session_24_D24:18,4.2348,6.3402,28.9591,137.9627,419.0944,10.5251,0.3775,0.3568,568.3913,1,1,507
r2_measured_01805,neo4j-materialized,16,2,lr000012::conv-41_qa_10,lr000012::conv-41,lr000012::conv-41_session_7_D7:1,3.7561,5.9584,35.5007,150.396,549.6419,4.907,0.4925,0.3892,,0,1,662
r2_measured_01815,neo4j-materialized,16,2,lr000000::conv-49_qa_128,lr000000::conv-49,lr000000::conv-49_session_17_D17:18,3.4946,6.6037,32.9177,123.4437,447.1988,5.0773,0.52,0.3552,576.6552,1,1,508
r2_measured_01824,neo4j-materialized,16,2,lr000001::conv-44_qa_110,lr000001::conv-44,lr000001::conv-44_session_24_D24:8,5.4416,9.0604,35.395,158.0484,595.8681,6.8289,0.733,0.3328,761.8749,1,1,675
r2_measured_01837,neo4j-materialized,16,2,lr000007::conv-48_qa_8,lr000007::conv-48,lr000007::conv-48_session_1_D1:15,4.2274,7.3672,42.4896,167.0377,503.2157,7.3865,0.461,0.3341,678.5129,1,1,680
r2_measured_01846,neo4j-materialized,16,2,lr000002::conv-49_qa_102,lr000002::conv-49,lr000002::conv-49_session_7_D7:4,4.3838,7.8106,30.0405,124.8838,368.4457,7.4283,0.6822,0.3711,501.8876,1,1,509
r2_measured_01883,neo4j-materialized,16,2,lr000010::conv-43_qa_47,lr000010::conv-43,lr000010::conv-43_session_12_D12:2,3.2727,5.6962,44.1953,158.6674,524.4448,4.4841,0.541,0.3954,688.613,1,1,679
r2_measured_02044,neo4j-materialized,16,2,lr000001::conv-48_qa_146,lr000001::conv-48,lr000001::conv-48_session_16_D16:15,4.1565,9.6732,84.7789,206.303,545.8609,12.2562,0.5981,0.3929,765.4971,1,1,678
r2_measured_02088,neo4j-materialized,16,2,lr000000::conv-49_qa_0,lr000000::conv-49,lr000000::conv-49_session_1_D1:2,3.6503,7.9483,33.7512,110.519,447.3339,4.0049,0.5804,0.3376,562.8534,1,1,509
r2_measured_02093,neo4j-materialized,16,2,lr000003::conv-43_qa_17,lr000003::conv-43,lr000003::conv-43_session_3_D3:3,4.307,7.2757,38.9276,159.1274,592.5263,3.7271,0.4504,0.3642,,0,1,680
r2_measured_02101,neo4j-materialized,16,2,lr000004::conv-47_qa_13,lr000004::conv-47,lr000004::conv-47_session_6_D6:12,5.7946,8.0397,36.4387,160.6332,589.4367,5.1372,0.7606,0.3648,756.4166,1,1,686
r2_measured_02109,neo4j-materialized,16,2,lr000005::conv-48_qa_128,lr000005::conv-48,lr000005::conv-48_session_11_D11:10,5.0102,8.6834,40.9824,163.4409,540.7115,10.1074,0.7385,0.3548,715.425,1,1,679
r2_measured_02140,neo4j-materialized,16,2,lr000010::conv-26_qa_20,lr000010::conv-26,lr000010::conv-26_session_6_D6:4,6.0611,11.142,45.8181,130.7616,344.918,1.9575,0.3125,0.389,478.425,1,1,419
r2_measured_02156,neo4j-materialized,16,2,lr000009::conv-42_qa_71,lr000009::conv-42,lr000009::conv-42_session_11_D11:9,5.3638,8.5818,36.6449,162.5776,496.12,9.2838,0.7395,0.3516,669.1472,1,1,627
r2_measured_02158,neo4j-materialized,16,2,lr000014::conv-26_qa_82,lr000014::conv-26,lr000014::conv-26_session_2_D2:2,4.0519,7.9412,27.1093,103.543,359.0384,1.4207,0.2846,0.3558,464.7008,1,1,417
r2_measured_02165,neo4j-materialized,16,2,lr000014::conv-26_qa_56,lr000014::conv-26,lr000014::conv-26_session_14_D14:15,5.682,8.7413,30.5846,103.4253,359.3253,0.814,0.3147,0.4086,464.3545,1,1,418
r2_measured_02171,neo4j-materialized,16,2,lr000001::conv-49_qa_27,lr000001::conv-49,lr000001::conv-49_session_5_D5:7,4.862,8.2368,36.8523,120.3246,468.7892,8.3008,0.858,0.3611,,0,1,509
r2_measured_02180,neo4j-materialized,16,2,lr000001::conv-30_qa_76,lr000001::conv-30,lr000001::conv-30_session_15_D15:18,3.7318,7.619,31.3835,121.6149,268.0696,1.4612,0.2455,0.3379,391.7868,1,1,369
r2_measured_02182,neo4j-materialized,16,2,lr000010::conv-44_qa_113,lr000010::conv-44,lr000010::conv-44_session_25_D25:8,4.2645,8.8809,43.9081,157.7327,613.5942,7.3245,0.7496,0.3273,779.8089,1,1,675
r2_measured_02190,neo4j-materialized,16,2,lr000011::conv-26_qa_52,lr000011::conv-26,lr000011::conv-26_session_13_D13:4,5.6945,11.2871,36.7366,112.8336,388.5558,2.0338,0.3308,0.3619,510.4977,1,1,417
r2_measured_02202,neo4j-materialized,16,2,lr000011::conv-26_qa_105,lr000011::conv-26,lr000011::conv-26_session_7_D7:13,4.0088,7.736,28.4621,99.7047,315.4503,2.5061,0.3391,0.3687,,0,1,418
r2_measured_02230,neo4j-materialized,16,2,lr000004::conv-50_qa_35,lr000004::conv-50,lr000004::conv-50_session_17_D17:6,4.3139,6.6589,39.7421,141.3922,399.1666,7.9392,0.5959,0.3312,549.4963,1,1,566
r2_measured_02293,neo4j-materialized,16,2,lr000009::conv-42_qa_59,lr000009::conv-42,lr000009::conv-42_session_15_D15:9,5.4527,9.7687,43.2443,167.7761,530.6611,7.0627,0.7429,0.4202,,0,1,628
r2_measured_02324,neo4j-materialized,16,2,lr000013::conv-42_qa_91,lr000013::conv-42,lr000013::conv-42_session_9_D9:14,3.6537,6.4786,40.7522,143.6384,541.7483,3.4022,0.6708,0.3474,689.8782,1,1,625
r2_measured_02331,neo4j-materialized,16,2,lr000015::conv-50_qa_27,lr000015::conv-50,lr000015::conv-50_session_16_D16:6,4.5294,8.8289,37.9252,142.5637,524.3631,5.3291,0.6762,0.3695,,0,1,568
r2_measured_02341,neo4j-materialized,16,2,lr000004::conv-47_qa_86,lr000004::conv-47,lr000004::conv-47_session_9_D9:18,3.4326,6.4327,39.5664,159.1151,588.4167,3.4597,0.629,0.3585,752.0586,1,1,687
r2_measured_02348,neo4j-materialized,16,2,lr000014::conv-47_qa_127,lr000014::conv-47,lr000014::conv-47_session_24_D24:4,4.4527,7.0496,86.0638,223.1899,555.4682,2.8824,0.642,0.3522,782.6204,1,1,687
r2_measured_02378,neo4j-materialized,16,2,lr000007::conv-47_qa_100,lr000007::conv-47,lr000007::conv-47_session_15_D15:15,4.5075,7.9212,41.0978,145.9106,519.7401,5.9213,0.7376,0.3707,672.7592,1,1,689
r2_measured_02384,neo4j-materialized,16,2,lr000008::conv-41_qa_94,lr000008::conv-41,lr000008::conv-41_session_13_D13:18,5.1338,7.953,42.6584,156.4464,472.0924,7.5528,1.2213,0.3554,637.7516,1,1,662
r2_measured_02409,neo4j-materialized,16,2,lr000010::conv-50_qa_147,lr000010::conv-50,lr000010::conv-50_session_28_D28:34,5.0443,7.2925,33.5927,148.2896,451.5403,6.5551,0.5043,0.3417,607.298,1,1,568
r2_measured_02412,neo4j-materialized,16,2,lr000009::conv-47_qa_138,lr000009::conv-47,lr000009::conv-47_session_27_D27:6,3.469,6.4544,36.5674,154.1853,523.5833,6.2488,1.0986,0.3453,685.5373,1,1,689
r2_measured_02480,neo4j-materialized,16,2,lr000006::conv-50_qa_146,lr000006::conv-50,lr000006::conv-50_session_28_D28:40,4.7241,10.0094,38.4658,139.5529,446.9479,5.888,0.5605,0.5629,593.5903,1,1,568
r2_measured_02492,neo4j-materialized,16,2,lr000003::conv-41_qa_13,lr000003::conv-41,lr000003::conv-41_session_8_D8:1,4.5621,7.3884,47.0414,155.6765,525.3282,5.5071,0.6268,0.3643,687.589,1,1,663
r2_measured_02517,neo4j-materialized,16,2,lr000014::conv-41_qa_59,lr000014::conv-41,lr000014::conv-41_session_30_D30:6,4.1897,6.8078,42.2578,158.4869,486.5034,7.3578,0.8352,0.3718,653.6374,1,1,662
r2_measured_02547,neo4j-materialized,16,2,lr000007::conv-42_qa_77,lr000007::conv-42,lr000007::conv-42_session_10_D10:4,4.1253,7.1869,34.7634,141.7768,466.7706,6.2288,0.4549,0.3336,615.6482,1,1,629
r2_measured_02556,neo4j-materialized,16,2,lr000004::conv-42_qa_174,lr000004::conv-42,lr000004::conv-42_session_24_D24:3,3.9203,6.8504,41.0352,140.965,529.2821,4.9715,0.7236,0.3486,,0,1,629
r2_measured_02568,neo4j-materialized,16,2,lr000012::conv-43_qa_100,lr000012::conv-43,lr000012::conv-43_session_9_D9:4,4.9734,8.297,88.3725,218.9527,483.596,10.6713,0.4976,0.3623,714.1655,1,1,680
r2_measured_02575,neo4j-materialized,16,2,lr000001::conv-48_qa_138,lr000001::conv-48,lr000001::conv-48_session_15_D15:3,3.9012,7.2755,34.2852,153.2754,475.4034,9.6815,0.4438,0.3439,639.2265,1,1,679
r2_measured_02582,neo4j-materialized,16,2,lr000003::conv-47_qa_71,lr000003::conv-47,lr000003::conv-47_session_2_D2:19,5.0745,7.9232,36.4351,156.0022,495.0809,6.8989,1.1373,0.3493,659.5408,1,1,688
r2_measured_02620,neo4j-materialized,16,2,lr000009::conv-49_qa_140,lr000009::conv-49,lr000009::conv-49_session_21_D21:16,3.6802,8.7649,35.9557,132.3522,361.2041,6.1283,0.4285,0.3401,500.5193,1,1,505
r2_measured_02661,neo4j-materialized,16,2,lr000014::conv-44_qa_30,lr000014::conv-44,lr000014::conv-44_session_20_D20:1,4.2007,7.0706,43.4035,180.6632,487.1513,6.7136,0.9672,0.3406,675.9114,1,1,675
r2_measured_02665,neo4j-materialized,16,2,lr000007::conv-41_qa_133,lr000007::conv-41,lr000007::conv-41_session_27_D27:9,4.8882,8.4293,42.2042,145.5117,518.2929,5.0544,0.5951,0.3604,669.8965,1,1,661
r2_measured_02676,neo4j-materialized,16,2,lr000007::conv-50_qa_154,lr000007::conv-50,lr000007::conv-50_session_30_D30:2,3.8952,7.1182,34.5071,134.7411,434.3244,4.8463,0.9568,0.3404,575.2875,1,1,567
r2_measured_02691,neo4j-materialized,16,2,lr000012::conv-30_qa_11,lr000012::conv-30,lr000012::conv-30_session_5_D5:15,5.7946,10.6966,31.3011,85.1614,280.9499,1.2902,0.2409,0.3316,368.0254,1,1,369
r2_measured_02761,neo4j-materialized,16,2,lr000006::conv-49_qa_17,lr000006::conv-49,lr000006::conv-49_session_4_D4:1,4.9538,8.2006,30.7428,130.7569,371.7434,4.472,0.561,0.3807,507.9932,1,1,509
r2_measured_02762,neo4j-materialized,16,2,lr000002::conv-30_qa_41,lr000002::conv-30,lr000002::conv-30_session_1_D1:17,3.8252,8.6347,29.5431,86.6295,275.3003,0.7448,0.2636,0.3535,363.359,1,1,369
r2_measured_02789,neo4j-materialized,16,2,lr000011::conv-41_qa_101,lr000011::conv-41,lr000011::conv-41_session_16_D16:2,5.3846,8.336,44.3949,189.7,607.124,10.3361,0.8297,0.4242,808.5173,1,1,663
r2_measured_02794,neo4j-materialized,16,2,lr000012::conv-41_qa_116,lr000012::conv-41,lr000012::conv-41_session_21_D21:5,4.9323,8.4314,39.5201,202.6104,577.2183,10.7212,1.0295,0.4773,792.1642,1,1,663
r2_measured_02799,neo4j-materialized,16,2,lr000001::conv-47_qa_0,lr000001::conv-47,lr000001::conv-47_session_1_D1:27,4.1094,7.2406,41.6486,147.6923,689.4054,1.417,0.8818,0.4483,,0,1,689
r2_measured_02814,neo4j-materialized,16,2,lr000014::conv-42_qa_153,lr000014::conv-42,lr000014::conv-42_session_20_D20:15,5.2821,9.2491,45.6451,167.7403,587.9685,11.246,0.4903,0.3636,767.8877,1,1,628
r2_measured_02882,neo4j-materialized,16,2,lr000013::conv-47_qa_28,lr000013::conv-47,lr000013::conv-47_session_15_D15:9,4.3452,8.0621,37.7136,150.4683,503.5231,6.2469,1.653,0.3874,662.366,1,1,689
r2_measured_02945,neo4j-materialized,16,2,lr000010::conv-43_qa_31,lr000010::conv-43,lr000010::conv-43_session_10_D10:9,4.4299,8.1374,39.1949,175.0941,557.1153,7.5674,0.6188,0.3614,740.84,1,1,680
r2_measured_02977,neo4j-materialized,16,2,lr000005::conv-48_qa_31,lr000005::conv-48,lr000005::conv-48_session_6_D6:8,4.8904,9.11,43.8229,161.0149,548.0496,4.0513,0.5706,0.338,714.0916,1,1,680
r2_measured_02993,neo4j-materialized,16,2,lr000006::conv-43_qa_164,lr000006::conv-43,lr000006::conv-43_session_27_D27:6,4.9227,8.9267,39.4908,152.0968,539.9978,5.9405,0.478,0.365,698.9599,1,1,680
r2_measured_02996,neo4j-materialized,16,2,lr000008::conv-42_qa_105,lr000008::conv-42,lr000008::conv-42_session_4_D4:3,3.8612,8.0761,39.9815,157.3905,497.128,9.923,0.8455,0.3592,,0,1,629
r2_measured_03007,neo4j-materialized,16,2,lr000014::conv-41_qa_67,lr000014::conv-41,lr000014::conv-41_session_1_D1:12,4.3908,6.4091,35.3956,156.3746,539.4317,13.2939,0.6323,0.3743,,0,1,663
r2_measured_03020,neo4j-materialized,16,2,lr000015::conv-26_qa_91,lr000015::conv-26,lr000015::conv-26_session_4_D4:3,4.287,7.1355,32.5029,114.1239,362.1143,0.6517,0.2981,0.3526,477.6016,1,1,418
r2_measured_03033,neo4j-materialized,16,2,lr000003::conv-50_qa_60,lr000003::conv-50,lr000003::conv-50_session_4_D4:24,4.637,7.644,36.8373,130.6116,416.4876,2.9507,0.4131,0.3635,,0,1,567
r2_measured_03054,neo4j-materialized,16,2,lr000009::conv-49_qa_61,lr000009::conv-49,lr000009::conv-49_session_13_D13:4,3.9437,6.8213,32.6482,113.3941,365.855,3.5204,0.5879,0.3535,483.7833,1,1,506
r2_measured_03085,neo4j-materialized,16,2,lr000006::conv-41_qa_52,lr000006::conv-41,lr000006::conv-41_session_27_D27:8,4.9003,8.0529,49.5446,163.7744,534.748,3.3098,0.5668,0.3413,702.8187,1,1,663
r2_measured_03099,neo4j-materialized,16,2,lr000016::conv-42_qa_147,lr000016::conv-42,lr000016::conv-42_session_18_D18:9,4.0393,6.9115,38.7377,146.9914,491.1645,11.6307,0.7475,0.3832,650.9933,1,1,629
r2_measured_03111,neo4j-materialized,16,2,lr000013::conv-42_qa_166,lr000013::conv-42,lr000013::conv-42_session_23_D23:18,4.4341,6.5549,32.8936,139.715,537.0664,9.6776,0.5347,0.3264,687.3836,1,1,626
r2_measured_03128,neo4j-materialized,16,2,lr000011::conv-42_qa_73,lr000011::conv-42,lr000011::conv-42_session_28_D28:22,4.0534,7.5198,34.1792,140.0759,457.0942,6.3692,0.8676,0.3498,604.8229,1,1,629
r2_measured_03152,neo4j-materialized,16,2,lr000014::conv-47_qa_1,lr000014::conv-47,lr000014::conv-47_session_1_D1:26,4.104,8.0706,36.7097,155.6785,555.0073,3.2485,0.5135,0.3593,,0,1,688
r2_measured_03166,neo4j-materialized,16,2,lr000001::conv-26_qa_137,lr000001::conv-26,lr000001::conv-26_session_17_D17:12,8.0689,12.5224,36.5602,110.467,305.7606,1.441,0.295,0.3353,,0,1,418
r2_measured_03191,neo4j-materialized,16,2,lr000000::conv-42_qa_91,lr000000::conv-42,lr000000::conv-42_session_9_D9:14,5.3064,7.8037,43.8653,159.1469,521.9502,6.801,0.7656,0.3499,689.0808,1,1,628
r2_measured_03205,neo4j-materialized,16,2,lr000001::conv-41_qa_76,lr000001::conv-41,lr000001::conv-41_session_7_D7:4,3.7032,7.6732,43.1423,148.2606,522.344,9.8612,0.5991,0.3765,681.5246,1,1,662
r2_measured_03233,neo4j-materialized,16,2,lr000003::conv-47_qa_145,lr000003::conv-47,lr000003::conv-47_session_29_D29:12,4.4165,6.6568,96.6485,221.2026,630.0452,9.6545,0.5525,0.3727,861.9189,1,1,689
r2_measured_03257,neo4j-materialized,16,2,lr000007::conv-43_qa_83,lr000007::conv-43,lr000007::conv-43_session_4_D4:5,4.3772,7.1347,57.2311,189.0469,600.4943,11.2552,0.6724,0.3761,801.9469,1,1,680
r2_measured_03281,neo4j-materialized,16,2,lr000009::conv-49_qa_31,lr000009::conv-49,lr000009::conv-49_session_9_D9:1,4.1625,8.1216,35.5539,126.856,476.3587,12.0753,0.6895,0.3393,616.389,1,1,507
r2_measured_03285,neo4j-materialized,16,2,lr000012::conv-49_qa_72,lr000012::conv-49,lr000012::conv-49_session_20_D20:6,4.2021,8.5631,31.8038,147.0457,482.5539,6.2802,0.8346,0.3855,637.1871,1,1,508
r2_measured_03286,neo4j-materialized,16,2,lr000002::conv-48_qa_188,lr000002::conv-48,lr000002::conv-48_session_29_D29:27,3.3261,5.6043,37.798,204.451,571.4978,9.1482,1.1871,0.4033,,0,1,681
r2_measured_03292,neo4j-materialized,16,2,lr000006::conv-48_qa_8,lr000006::conv-48,lr000006::conv-48_session_1_D1:15,3.5013,7.6948,52.7248,182.8015,599.2125,9.6659,0.6505,0.4115,792.8424,1,1,680
r2_measured_03325,neo4j-materialized,16,2,lr000013::conv-48_qa_110,lr000013::conv-48,lr000013::conv-48_session_5_D5:7,5.0655,11.0657,46.2024,171.8564,577.0948,10.2326,0.496,0.3916,760.1517,1,1,681
r2_measured_03337,neo4j-materialized,16,2,lr000010::conv-42_qa_70,lr000010::conv-42,lr000010::conv-42_session_25_D25:21,4.3964,8.4504,40.8947,146.8671,510.8481,6.0845,0.6129,0.3697,,0,1,625
r2_measured_03342,neo4j-materialized,16,2,lr000016::conv-48_qa_170,lr000016::conv-48,lr000016::conv-48_session_24_D24:5,4.9617,7.8804,36.8068,144.6655,613.1187,7.551,0.7603,0.3823,766.5698,1,1,679
r2_measured_03349,neo4j-materialized,16,2,lr000008::conv-41_qa_109,lr000008::conv-41,lr000008::conv-41_session_18_D18:17,4.2576,8.2674,39.0335,145.6684,553.2358,12.1019,0.5755,0.358,712.0177,1,1,663
r2_measured_03361,neo4j-materialized,16,2,lr000012::conv-49_qa_80,lr000012::conv-49,lr000012::conv-49_session_24_D24:3,4.2154,7.7905,32.2069,124.3649,507.6254,5.1502,0.3386,0.3353,637.8828,1,1,509
r2_measured_03370,neo4j-materialized,16,2,lr000009::conv-49_qa_52,lr000009::conv-49,lr000009::conv-49_session_10_D10:12,4.4063,8.2703,31.2102,116.4483,449.2666,6.5561,0.7116,0.4975,,0,1,508
r2_measured_03376,neo4j-materialized,16,2,lr000013::conv-43_qa_118,lr000013::conv-43,lr000013::conv-43_session_13_D13:8,3.4899,6.5298,85.2574,201.4859,504.8758,6.8742,1.1511,0.3542,714.8287,1,1,679
r2_measured_03398,neo4j-materialized,16,2,lr000007::conv-41_qa_44,lr000007::conv-41,lr000007::conv-41_session_25_D25:2,3.1599,8.2637,38.3672,172.4574,564.9276,4.2884,0.6871,0.3579,742.7971,1,1,662
r2_measured_03405,neo4j-materialized,16,2,lr000000::conv-47_qa_96,lr000000::conv-47,lr000000::conv-47_session_13_D13:15,4.9281,7.7628,45.5074,174.2948,531.8202,5.9469,0.9944,0.3942,713.536,1,1,687
r2_measured_03479,neo4j-materialized,16,2,lr000009::conv-30_qa_48,lr000009::conv-30,lr000009::conv-30_session_3_D3:4,3.8612,6.2916,24.0134,80.7707,266.4496,2.0567,0.263,0.3247,349.9181,1,1,369
r2_measured_03498,neo4j-materialized,16,2,lr000010::conv-42_qa_73,lr000010::conv-42,lr000010::conv-42_session_28_D28:22,5.0572,9.0196,47.6271,199.8255,560.8948,5.8291,0.8628,0.3784,767.8825,1,1,626
r2_measured_03501,neo4j-materialized,16,2,lr000008::conv-44_qa_117,lr000008::conv-44,lr000008::conv-44_session_27_D27:2,5.1247,8.3232,48.1412,206.2921,603.2964,7.4243,1.7951,0.4507,819.3561,1,1,675
r2_measured_03503,neo4j-materialized,16,2,lr000014::conv-26_qa_115,lr000014::conv-26,lr000014::conv-26_session_8_D8:12,8.3556,15.3026,46.8436,138.4896,368.1431,1.4091,0.326,0.3568,508.7886,1,1,419
r2_measured_03514,neo4j-materialized,16,2,lr000011::conv-26_qa_121,lr000011::conv-26,lr000011::conv-26_session_11_D11:3,4.2364,8.8857,31.9527,102.3812,403.6171,2.0592,0.3153,0.3893,508.8247,1,1,419
r2_measured_03541,neo4j-materialized,16,2,lr000007::conv-41_qa_27,lr000007::conv-41,lr000007::conv-41_session_15_D15:11,5.3829,7.9629,44.4737,168.072,599.0583,5.1106,0.4854,0.3577,,0,1,663
r2_measured_03558,neo4j-materialized,16,2,lr000007::conv-49_qa_131,lr000007::conv-49,lr000007::conv-49_session_18_D18:8,3.9353,9.5735,37.3197,137.4957,411.4576,12.7471,0.3643,0.3547,562.4884,1,1,508
r2_measured_03585,neo4j-materialized,16,2,lr000006::conv-42_qa_67,lr000006::conv-42,lr000006::conv-42_session_8_D8:3,3.8069,6.6737,39.9196,187.4309,480.0641,2.5235,0.718,0.3546,,0,1,627
r2_measured_03608,neo4j-materialized,16,2,lr000005::conv-41_qa_55,lr000005::conv-41,lr000005::conv-41_session_29_D29:1,4.3198,7.706,42.6868,153.7907,503.8261,6.7793,0.7243,0.3523,665.5502,1,1,662
r2_measured_03632,neo4j-materialized,16,2,lr000006::conv-44_qa_16,lr000006::conv-44,lr000006::conv-44_session_11_D11:7,4.1499,6.6764,32.1853,141.5935,471.6872,3.826,0.5383,0.3531,,0,1,675
r2_measured_03676,neo4j-materialized,16,2,lr000012::conv-44_qa_95,lr000012::conv-44,lr000012::conv-44_session_19_D19:20,4.2945,7.5967,34.9726,148.5037,513.7505,5.548,0.6304,0.3403,668.8432,1,1,673
r2_measured_03690,neo4j-materialized,16,2,lr000000::conv-47_qa_147,lr000000::conv-47,lr000000::conv-47_session_30_D30:18,4.5333,7.7935,38.9531,149.1536,530.8792,10.321,0.577,0.3475,691.3517,1,1,688
r2_measured_03700,neo4j-materialized,16,2,lr000002::conv-41_qa_1,lr000002::conv-41,lr000002::conv-41_session_2_D2:1,4.7074,7.3179,42.5882,149.4492,480.6069,3.6058,0.4398,0.3466,634.5265,1,1,663
r2_measured_03705,neo4j-materialized,16,2,lr000012::conv-42_qa_43,lr000012::conv-42,lr000012::conv-42_session_17_D17:14,3.7662,7.8374,33.4327,130.8991,463.1139,7.3819,0.8477,0.334,602.6441,1,1,628
r2_measured_03744,neo4j-materialized,16,2,lr000014::conv-47_qa_92,lr000014::conv-47,lr000014::conv-47_session_11_D11:3,3.1028,6.5127,39.2737,154.2905,491.9498,12.3683,0.5109,0.3538,659.55,1,1,689
r2_measured_03766,neo4j-materialized,16,2,lr000003::conv-48_qa_24,lr000003::conv-48,lr000003::conv-48_session_4_D4:14,3.4858,6.669,37.6692,202.0183,525.019,8.9295,1.0491,0.3358,737.4184,1,1,680
r2_measured_03767,neo4j-materialized,16,2,lr000016::conv-49_qa_40,lr000016::conv-49,lr000016::conv-49_session_8_D8:12,3.6839,6.2656,32.6225,120.3864,413.6108,7.9361,0.4491,0.3437,542.8062,1,1,507
r2_measured_03768,neo4j-materialized,16,2,lr000016::conv-49_qa_72,lr000016::conv-49,lr000016::conv-49_session_20_D20:6,5.4913,9.5501,97.9904,186.9076,366.547,5.6429,0.4664,0.344,559.9694,1,1,507
r2_measured_03782,neo4j-materialized,16,2,lr000009::conv-50_qa_60,lr000009::conv-50,lr000009::conv-50_session_4_D4:24,5.4447,8.7857,40.7683,136.6362,464.1669,2.9204,0.8828,0.3621,,0,1,568
r2_measured_03823,neo4j-materialized,16,2,lr000004::conv-50_qa_40,lr000004::conv-50,lr000004::conv-50_session_20_D20:8,2.838,6.2127,41.5108,164.3425,406.6743,7.1859,0.6062,0.3388,579.2108,1,1,567
r2_measured_03825,neo4j-materialized,16,2,lr000000::conv-44_qa_28,lr000000::conv-44,lr000000::conv-44_session_4_D4:23,4.7255,7.7268,37.1351,149.6214,487.9314,2.7049,0.6105,0.3529,,0,1,675
r2_measured_03857,neo4j-materialized,16,2,lr000007::conv-49_qa_130,lr000007::conv-49,lr000007::conv-49_session_18_D18:5,3.5923,6.031,31.4415,125.5544,427.9788,10.157,0.3468,0.3468,,0,1,509
r2_measured_03866,neo4j-materialized,16,2,lr000006::conv-42_qa_134,lr000006::conv-42,lr000006::conv-42_session_16_D16:10,3.9572,6.7879,39.211,143.8996,459.4397,6.7684,1.4749,0.3391,611.9988,1,1,628
r2_measured_03890,neo4j-materialized,16,2,lr000001::conv-48_qa_117,lr000001::conv-48,lr000001::conv-48_session_8_D8:22,5.0478,8.3359,42.8465,174.5531,517.9096,8.3104,0.5959,0.4305,,0,1,680
r2_measured_03892,neo4j-materialized,16,2,lr000001::conv-41_qa_59,lr000001::conv-41,lr000001::conv-41_session_30_D30:6,4.7307,8.5319,41.2189,155.6977,506.6809,6.8868,0.8296,0.3958,670.5744,1,1,663
r2_measured_03993,neo4j-materialized,16,2,lr000000::conv-50_qa_15,lr000000::conv-50,lr000000::conv-50_session_8_D8:4,5.3634,8.1026,42.2251,134.788,428.2589,2.5787,0.5592,0.348,566.6086,1,1,567
r2_measured_04008,neo4j-materialized,16,2,lr000004::conv-50_qa_36,lr000004::conv-50,lr000004::conv-50_session_18_D18:1,3.9202,6.6561,35.2142,128.3127,502.8476,1.8277,0.4942,0.3815,633.9544,1,1,568
r2_measured_04029,neo4j-materialized,16,2,lr000000::conv-26_qa_48,lr000000::conv-26,lr000000::conv-26_session_12_D12:14,4.5121,8.7501,38.104,117.6868,393.5456,0.8146,0.3209,0.3517,,0,1,418
r2_measured_04035,neo4j-materialized,16,2,lr000015::conv-44_qa_99,lr000015::conv-44,lr000015::conv-44_session_21_D21:2,6.0402,9.5627,58.1578,202.0312,567.2489,6.7295,2.1006,0.4618,778.6634,1,1,674
r2_measured_04055,neo4j-materialized,16,2,lr000001::conv-48_qa_59,lr000001::conv-48,lr000001::conv-48_session_19_D19:13,3.7875,6.7152,37.4594,190.3291,507.4321,2.034,0.4828,0.3533,700.7114,1,1,681
r2_measured_04057,neo4j-materialized,16,2,lr000015::conv-47_qa_145,lr000015::conv-47,lr000015::conv-47_session_29_D29:12,2.9737,6.3481,41.9218,170.8469,537.7505,11.1424,0.5105,0.3616,720.7019,1,1,689
r2_measured_04083,neo4j-materialized,16,2,lr000006::conv-42_qa_36,lr000006::conv-42,lr000006::conv-42_session_19_D19:6,4.9853,7.3133,32.2277,135.9958,461.1033,10.1949,0.4989,0.3652,608.2366,1,1,629
r2_measured_04111,neo4j-materialized,16,2,lr000005::conv-41_qa_147,lr000005::conv-41,lr000005::conv-41_session_31_D31:4,5.2983,8.5943,41.9221,147.7963,617.382,3.0802,0.7061,0.3799,769.4267,1,1,663
r2_measured_04114,neo4j-materialized,16,2,lr000012::conv-47_qa_47,lr000012::conv-47,lr000012::conv-47_session_23_D23:1,4.2755,6.9145,34.863,153.8712,633.6063,6.1668,0.5705,0.3958,794.7169,1,1,689
r2_measured_04119,neo4j-materialized,16,2,lr000013::conv-42_qa_181,lr000013::conv-42,lr000013::conv-42_session_26_D26:18,3.0608,7.22,41.2749,190.502,505.8758,10.6801,0.4882,0.3337,707.9542,1,1,627
r2_measured_04121,neo4j-materialized,16,2,lr000001::conv-42_qa_166,lr000001::conv-42,lr000001::conv-42_session_23_D23:18,5.2535,9.4872,53.2305,171.3759,488.9518,8.8113,0.4504,0.3524,670.0189,1,1,629
r2_measured_04127,neo4j-materialized,16,2,lr000014::conv-42_qa_54,lr000014::conv-42,lr000014::conv-42_session_25_D25:1,4.3376,9.377,41.6237,139.6098,527.6068,10.486,0.6008,0.3488,,0,1,629
r2_measured_04140,neo4j-materialized,16,2,lr000014::conv-30_qa_19,lr000014::conv-30,lr000014::conv-30_session_11_D11:14,5.784,9.3946,67.301,155.3878,273.5224,2.5591,0.2354,0.339,432.0942,1,1,369
r2_measured_04143,neo4j-materialized,16,2,lr000012::conv-44_qa_43,lr000012::conv-44,lr000012::conv-44_session_11_D11:9,5.4282,8.729,37.5314,146.3278,479.1443,5.9499,1.7227,0.3434,,0,1,674
r2_measured_04172,neo4j-materialized,16,2,lr000004::conv-47_qa_101,lr000004::conv-47,lr000004::conv-47_session_16_D16:8,4.6589,7.6631,35.1526,179.5725,506.4804,8.2604,0.6558,0.3549,695.4103,1,1,688
r2_measured_04175,neo4j-materialized,16,2,lr000016::conv-44_qa_16,lr000016::conv-44,lr000016::conv-44_session_11_D11:7,4.1296,7.5684,35.3179,155.358,536.0411,9.9872,0.6806,0.3967,,0,1,675
r2_measured_04221,neo4j-materialized,16,2,lr000010::conv-42_qa_26,lr000010::conv-42,lr000010::conv-42_session_14_D14:8,4.179,7.3769,41.8308,154.746,637.9877,4.5506,0.6908,0.3959,798.4638,1,1,627
r2_measured_04233,neo4j-materialized,16,2,lr000015::conv-44_qa_120,lr000015::conv-44,lr000015::conv-44_session_27_D27:14,4.3364,9.7017,49.6973,216.2151,544.8635,13.1288,0.7123,0.3407,775.3449,1,1,675
r2_measured_04235,neo4j-materialized,16,2,lr000000::conv-26_qa_47,lr000000::conv-26,lr000000::conv-26_session_12_D12:1,5.15,10.8264,37.5132,114.1782,342.8,1.9572,0.2915,0.3436,,0,1,419
r2_measured_04256,neo4j-materialized,16,2,lr000009::conv-48_qa_8,lr000009::conv-48,lr000009::conv-48_session_1_D1:15,3.7604,7.2348,44.3821,149.3444,678.318,8.0943,0.651,0.3709,836.8744,1,1,681
r2_measured_04265,neo4j-materialized,16,2,lr000000::conv-42_qa_6,lr000000::conv-42,lr000000::conv-42_session_2_D2:12,4.6118,8.4775,35.0069,147.8883,655.8066,4.2488,0.6943,0.399,,0,1,629
r2_measured_04272,neo4j-materialized,16,2,lr000001::conv-26_qa_45,lr000001::conv-26,lr000001::conv-26_session_11_D11:4,5.6168,9.4424,82.4513,199.3383,385.1753,1.5853,0.3428,0.3866,586.9024,1,1,419
r2_measured_04277,neo4j-materialized,16,2,lr000009::conv-42_qa_182,lr000009::conv-42,lr000009::conv-42_session_26_D26:5,4.1311,7.1887,43.7557,158.7265,551.0283,12.6639,0.5221,0.4143,723.4595,1,1,629
r2_measured_04299,neo4j-materialized,16,2,lr000003::conv-42_qa_57,lr000003::conv-42,lr000003::conv-42_session_26_D26:19,4.6804,7.3972,34.8711,137.0311,496.4714,14.8039,0.8075,0.4327,,0,1,629
r2_measured_04379,neo4j-materialized,16,2,lr000015::conv-42_qa_26,lr000015::conv-42,lr000015::conv-42_session_14_D14:8,3.4236,6.6229,34.6924,169.2049,494.1443,5.2491,1.275,0.3722,670.3316,1,1,629
r2_measured_04390,neo4j-materialized,16,2,lr000003::conv-49_qa_21,lr000003::conv-49,lr000003::conv-49_session_5_D5:1,5.4529,9.7409,33.879,121.9714,397.2437,7.4907,0.5351,0.3738,527.6926,1,1,508
r2_measured_04411,neo4j-materialized,16,2,lr000003::conv-48_qa_51,lr000003::conv-48,lr000003::conv-48_session_14_D14:4,4.3406,7.6719,88.5906,214.3197,511.5075,5.9842,0.4693,0.3535,732.7101,1,1,681
r2_measured_04437,neo4j-materialized,16,2,lr000013::conv-42_qa_13,lr000013::conv-42,lr000013::conv-42_session_6_D6:2,4.3747,8.9349,44.1051,155.351,506.6443,9.2771,0.5197,0.3903,672.2739,1,1,628
r2_measured_04478,neo4j-materialized,16,2,lr000012::conv-44_qa_112,lr000012::conv-44,lr000012::conv-44_session_25_D25:3,7.4204,11.8957,45.5679,226.3656,568.3797,11.1581,1.3022,0.3941,807.6974,1,1,675
r2_measured_04530,neo4j-materialized,16,2,lr000000::conv-47_qa_117,lr000000::conv-47,lr000000::conv-47_session_22_D22:7,3.6415,8.0728,45.0712,175.8486,605.3402,4.74,0.7028,0.351,787.0677,1,1,689
r2_measured_04540,neo4j-materialized,16,2,lr000015::conv-43_qa_164,lr000015::conv-43,lr000015::conv-43_session_27_D27:6,4.2479,7.5366,46.9863,167.1797,590.8655,3.6563,0.7414,0.426,762.9663,1,1,680
r2_measured_04553,neo4j-materialized,16,2,lr000013::conv-43_qa_177,lr000013::conv-43,lr000013::conv-43_session_29_D29:12,5.4522,10.4877,41.8598,159.6906,553.827,5.986,0.7825,0.4082,720.781,1,1,680
r2_measured_04561,neo4j-materialized,16,2,lr000015::conv-26_qa_123,lr000015::conv-26,lr000015::conv-26_session_13_D13:3,4.1675,7.394,29.3286,98.2306,331.7228,1.3472,0.2976,0.346,432.0131,1,1,419
r2_measured_04566,neo4j-materialized,16,2,lr000013::conv-42_qa_186,lr000013::conv-42,lr000013::conv-42_session_28_D28:1,4.8071,8.4308,42.801,148.52,497.3635,7.3219,0.5408,0.3903,654.205,1,1,629
r2_measured_04583,neo4j-materialized,16,2,lr000009::conv-44_qa_57,lr000009::conv-44,lr000009::conv-44_session_28_D28:6,4.5364,9.7071,42.1718,191.5931,551.88,5.9214,0.4839,0.385,750.3519,1,1,674
r2_measured_04587,neo4j-materialized,16,2,lr000009::conv-43_qa_125,lr000009::conv-43,lr000009::conv-43_session_15_D15:11,4.6768,7.9279,37.7219,167.1127,567.285,4.7722,0.5676,0.365,740.1696,1,1,680
r2_measured_04615,neo4j-materialized,16,2,lr000010::conv-42_qa_22,lr000010::conv-42,lr000010::conv-42_session_12_D12:13,3.3552,6.831,37.6172,175.2532,552.1436,8.5378,0.9274,0.3737,,0,1,628
r2_measured_04616,neo4j-materialized,16,2,lr000007::conv-50_qa_111,lr000007::conv-50,lr000007::conv-50_session_19_D19:6,4.4103,8.1963,41.1545,147.9144,518.3231,6.3289,0.5985,0.3862,673.6278,1,1,568
r2_measured_04627,neo4j-materialized,16,2,lr000013::conv-26_qa_103,lr000013::conv-26,lr000013::conv-26_session_6_D6:10,4.5487,9.7905,36.5821,115.869,369.1386,1.167,0.2991,0.3646,486.8999,1,1,418
r2_measured_04634,neo4j-materialized,16,2,lr000013::conv-50_qa_53,lr000013::conv-50,lr000013::conv-50_session_25_D25:6,4.4232,8.2601,42.4102,153.9523,466.5219,3.0302,0.5892,0.4104,624.5813,1,1,568
r2_measured_04686,neo4j-materialized,16,2,lr000002::conv-44_qa_16,lr000002::conv-44,lr000002::conv-44_session_11_D11:7,5.5556,7.3364,40.6206,156.9204,587.1252,5.7315,0.6861,0.3621,,0,1,675
r2_measured_04716,neo4j-materialized,16,2,lr000006::conv-26_qa_23,lr000006::conv-26,lr000006::conv-26_session_7_D7:8,2.794,6.3656,32.1522,132.1881,330.5293,0.766,0.2988,0.3554,464.2062,1,1,419
r2_measured_04719,neo4j-materialized,16,2,lr000013::conv-26_qa_134,lr000013::conv-26,lr000013::conv-26_session_17_D17:7,4.3158,7.807,33.1801,109.6767,346.759,3.0604,0.3045,0.3635,,0,1,419
r2_measured_04730,neo4j-materialized,16,2,lr000007::conv-48_qa_119,lr000007::conv-48,lr000007::conv-48_session_8_D8:16,4.334,7.8203,37.0334,169.2378,615.8314,6.3321,0.5114,0.3879,792.3742,1,1,681
r2_measured_04743,neo4j-materialized,16,2,lr000016::conv-49_qa_84,lr000016::conv-49,lr000016::conv-49_session_1_D1:16,5.4146,10.1545,41.3615,131.8382,447.1174,6.3517,0.6225,0.3464,,0,1,508
r2_measured_04746,neo4j-materialized,16,2,lr000009::conv-49_qa_18,lr000009::conv-49,lr000009::conv-49_session_3_D3:5,4.331,7.5097,78.1866,166.9824,376.8526,9.4197,0.5532,0.419,,0,1,509
r2_measured_04768,neo4j-materialized,16,2,lr000016::conv-48_qa_52,lr000016::conv-48,lr000016::conv-48_session_16_D16:2,6.9547,10.7853,42.1073,185.6774,722.7083,5.5133,1.305,0.4007,915.7003,1,1,680
r2_measured_04776,neo4j-materialized,16,2,lr000000::conv-50_qa_122,lr000000::conv-50,lr000000::conv-50_session_23_D23:9,5.1303,9.6283,49.2155,135.074,614.5503,6.1848,0.695,0.3878,756.973,1,1,568
r2_measured_04784,neo4j-materialized,16,2,lr000006::conv-47_qa_140,lr000006::conv-47,lr000006::conv-47_session_28_D28:3,6.1948,13.0391,64.7834,196.5392,611.8149,4.9237,0.7582,0.3788,814.4911,1,1,689
r2_measured_04815,neo4j-materialized,16,2,lr000003::conv-50_qa_36,lr000003::conv-50,lr000003::conv-50_session_18_D18:1,4.1331,7.558,37.9504,133.5005,532.7544,2.0086,0.4137,0.361,669.1077,1,1,568
r2_measured_04830,neo4j-materialized,16,2,lr000012::conv-50_qa_128,lr000012::conv-50,lr000012::conv-50_session_24_D24:20,3.8222,7.7498,39.9231,141.4305,433.3818,7.2199,0.5758,0.3366,583.0078,1,1,568
r2_measured_04853,neo4j-materialized,16,2,lr000006::conv-48_qa_114,lr000006::conv-48,lr000006::conv-48_session_7_D7:9,3.8466,7.6735,35.0461,140.196,488.3801,5.7314,0.7668,0.4124,635.5735,1,1,681
r2_measured_04884,neo4j-materialized,16,2,lr000005::conv-48_qa_117,lr000005::conv-48,lr000005::conv-48_session_8_D8:22,4.0345,7.5636,39.9351,158.4217,479.325,32.9525,0.6925,0.3775,,0,1,681
r2_measured_04905,neo4j-materialized,16,2,lr000012::conv-42_qa_98,lr000012::conv-42,lr000012::conv-42_session_2_D2:5,4.7626,8.5832,40.2805,158.8614,485.2222,2.9291,0.9637,0.3648,,0,1,629
r2_measured_04916,neo4j-materialized,16,2,lr000016::conv-48_qa_111,lr000016::conv-48,lr000016::conv-48_session_5_D5:9,3.8253,7.1097,32.4964,142.5855,598.2742,13.3515,0.8075,0.3718,755.4706,1,1,681
r2_measured_04922,neo4j-materialized,16,2,lr000009::conv-44_qa_38,lr000009::conv-44,lr000009::conv-44_session_25_D25:1,4.3918,9.017,67.856,179.2307,581.4018,8.5425,0.672,0.3614,770.3048,1,1,675
r2_measured_04924,neo4j-materialized,16,2,lr000010::conv-42_qa_43,lr000010::conv-42,lr000010::conv-42_session_17_D17:14,20.1182,25.3423,55.2132,156.9686,535.1728,6.8291,0.4338,0.3465,699.8235,1,1,629
r2_measured_04932,neo4j-materialized,16,2,lr000004::conv-47_qa_70,lr000004::conv-47,lr000004::conv-47_session_2_D2:12,3.8224,6.3457,36.5609,210.7681,541.3103,9.1029,0.6617,0.3987,762.341,1,1,689
r2_measured_04933,neo4j-materialized,16,2,lr000016::conv-49_qa_8,lr000016::conv-49,lr000016::conv-49_session_1_D1:14,5.066,8.0205,69.7491,165.3203,375.9151,9.5178,0.4251,0.4078,551.6677,1,1,509
r2_measured_04959,neo4j-materialized,16,2,lr000003::conv-49_qa_76,lr000003::conv-49,lr000003::conv-49_session_20_D20:13,4.7494,8.1532,33.3473,121.6958,389.058,4.494,0.4847,0.3268,,0,1,509
r2_measured_04997,neo4j-materialized,16,2,lr000008::conv-49_qa_65,lr000008::conv-49,lr000008::conv-49_session_16_D16:16,5.4502,9.5224,33.3612,118.801,210.3975,1.9775,0.363,0.347,,0,1,509
