run_id,system,graph_id,clients,hop,fanout,cycle_policy,repeat,mode,cold_mode,warmup_seconds,measurement_seconds,completed_reads,read_QPS,read_mean_ms,read_p50_ms,read_p95_ms,read_p99_ms,read_error_count,error_rate,cache_enabled,cache_hit_rate,effective_latency_ms,frontier_workers,relation_index_enabled,backend_state,read_hash_spotcheck_passed
20260709,cassandra_naive,c3_scale_1M_seed42,1,2,20,path,1,cold,process_cold,0,45.002,1060,23.555,42.479,34.16,69.308,242.607,0,0.0,False,0,42.479,1,False,cold,True
20260709,cassandra_opt,c3_scale_1M_seed42,1,2,20,path,1,cold,process_cold,0,45.002,1967,43.709,22.878,20.919,34.003,39.83,0,0.0,False,0,22.878,16,False,cold,True
20260709,neo4j,c3_scale_1M_seed42,1,2,20,path,1,cold,process_cold,0,45.001,4087,90.821,11.008,7.392,28.853,75.483,0,0.0,False,0,11.008,0,False,cold,True
20260709,neo4j,c3_scale_1M_seed42,1,2,20,path,2,cold,process_cold,0,45.001,3362,74.709,13.387,8.575,35.808,92.339,0,0.0,False,0,13.387,0,False,cold,True
20260709,cassandra_naive,c3_scale_1M_seed42,1,2,20,path,2,cold,process_cold,0,45.0,953,21.178,47.22,38.847,81.633,270.085,0,0.0,False,0,47.22,1,False,cold,True
20260709,cassandra_opt,c3_scale_1M_seed42,1,2,20,path,2,cold,process_cold,0,45.0,1825,40.555,24.656,22.312,38.475,48.693,0,0.0,False,0,24.656,16,False,cold,True
20260709,cassandra_naive,c3_scale_1M_seed42,1,2,20,path,3,cold,process_cold,0,45.0,958,21.289,46.98,37.898,80.439,263.325,0,0.0,False,0,46.98,1,False,cold,True
20260709,neo4j,c3_scale_1M_seed42,1,2,20,path,3,cold,process_cold,0,45.0,3652,81.155,12.322,8.149,31.58,86.146,0,0.0,False,0,12.322,0,False,cold,True
20260709,cassandra_opt,c3_scale_1M_seed42,1,2,20,path,3,cold,process_cold,0,45.001,1822,40.488,24.703,21.75,39.125,49.993,0,0.0,False,0,24.703,16,False,cold,True
20260709,cassandra_naive,c3_scale_1M_seed42,1,2,20,path,4,cold,process_cold,0,45.001,993,22.066,45.318,36.665,80.54,273.682,0,0.0,False,0,45.318,1,False,cold,True
20260709,neo4j,c3_scale_1M_seed42,1,2,20,path,4,cold,process_cold,0,45.0,3129,69.533,14.381,9.839,38.967,94.203,0,0.0,False,0,14.381,0,False,cold,True
20260709,cassandra_opt,c3_scale_1M_seed42,1,2,20,path,4,cold,process_cold,0,45.001,1782,39.599,25.251,22.59,40.15,50.852,0,0.0,False,0,25.251,16,False,cold,True
20260709,cassandra_naive,c3_scale_1M_seed42,1,2,20,path,5,cold,process_cold,0,45.001,963,21.4,46.747,38.555,80.455,264.342,0,0.0,False,0,46.747,1,False,cold,True
20260709,cassandra_opt,c3_scale_1M_seed42,1,2,20,path,5,cold,process_cold,0,45.001,1775,39.444,25.357,22.635,41.391,51.283,0,0.0,False,0,25.357,16,False,cold,True
20260709,neo4j,c3_scale_1M_seed42,1,2,20,path,5,cold,process_cold,0,45.0,3270,72.666,13.763,8.645,37.919,100.626,0,0.0,False,0,13.763,0,False,cold,True
20260709,cassandra_opt,c3_scale_1M_seed42,8,2,20,path,1,cold,process_cold,0,45.0,23434,520.754,15.368,11.959,35.508,51.133,0,0.0,False,0,15.368,16,False,cold,True
20260709,cassandra_naive,c3_scale_1M_seed42,8,2,20,path,1,cold,process_cold,0,45.0,18965,421.443,19.025,13.555,46.073,120.09,0,0.0,False,0,19.025,1,False,cold,True
20260709,neo4j,c3_scale_1M_seed42,8,2,20,path,1,cold,process_cold,0,45.0,21653,481.173,16.628,12.318,35.6,113.208,0,0.0,False,0,16.628,0,False,cold,True
20260709,cassandra_naive,c3_scale_1M_seed42,8,2,20,path,2,cold,process_cold,0,45.0,18288,406.396,19.697,14.01,47.776,130.765,0,0.0,False,0,19.697,1,False,cold,True
20260709,neo4j,c3_scale_1M_seed42,8,2,20,path,2,cold,process_cold,0,45.001,21477,477.257,16.766,12.531,34.793,112.546,0,0.0,False,0,16.766,0,False,cold,True
20260709,cassandra_opt,c3_scale_1M_seed42,8,2,20,path,2,cold,process_cold,0,45.0,22780,506.217,15.805,12.564,36.154,49.973,0,0.0,False,0,15.805,16,False,cold,True
20260709,cassandra_naive,c3_scale_1M_seed42,8,2,20,path,3,cold,process_cold,0,45.0,18049,401.086,19.954,14.296,48.546,122.191,0,0.0,False,0,19.954,1,False,cold,True
20260709,neo4j,c3_scale_1M_seed42,8,2,20,path,3,cold,process_cold,0,45.001,22036,489.682,16.338,12.191,34.501,108.148,0,0.0,False,0,16.338,0,False,cold,True
20260709,cassandra_opt,c3_scale_1M_seed42,8,2,20,path,3,cold,process_cold,0,45.0,22696,504.35,15.864,12.684,35.984,50.721,0,0.0,False,0,15.864,16,False,cold,True
20260709,cassandra_naive,c3_scale_1M_seed42,8,2,20,path,4,cold,process_cold,0,45.001,17815,395.882,20.209,14.245,48.906,131.057,0,0.0,False,0,20.209,1,False,cold,True
20260709,neo4j,c3_scale_1M_seed42,8,2,20,path,4,cold,process_cold,0,45.0,21686,481.909,16.603,12.426,35.428,111.478,0,0.0,False,0,16.603,0,False,cold,True
20260709,cassandra_opt,c3_scale_1M_seed42,8,2,20,path,4,cold,process_cold,0,45.001,22848,507.718,15.757,12.63,34.599,51.059,0,0.0,False,0,15.757,16,False,cold,True
20260709,cassandra_naive,c3_scale_1M_seed42,8,2,20,path,5,cold,process_cold,0,45.0,22060,490.22,16.322,11.756,43.924,101.27,0,0.0,False,0,16.322,1,False,cold,True
20260709,cassandra_opt,c3_scale_1M_seed42,8,2,20,path,5,cold,process_cold,0,45.001,22774,506.076,15.813,12.76,34.942,51.328,0,0.0,False,0,15.813,16,False,cold,True
20260709,neo4j,c3_scale_1M_seed42,8,2,20,path,5,cold,process_cold,0,45.001,21555,478.994,16.703,12.524,35.245,111.219,0,0.0,False,0,16.703,0,False,cold,True
20260709,cassandra_opt,c3_scale_1M_seed42,32,2,20,path,1,cold,process_cold,0,45.0,27720,615.996,51.992,46.461,87.066,111.451,0,0.0,False,0,51.992,16,False,cold,True
20260709,cassandra_naive,c3_scale_1M_seed42,32,2,20,path,1,cold,process_cold,0,45.035,36040,800.262,40.023,29.929,81.812,241.819,0,0.0,False,0,40.023,1,False,cold,True
20260709,neo4j,c3_scale_1M_seed42,32,2,20,path,1,cold,process_cold,0,45.002,21809,484.619,66.188,47.937,159.921,456.003,0,0.0,False,0,66.188,0,False,cold,True
20260709,neo4j,c3_scale_1M_seed42,32,2,20,path,2,cold,process_cold,0,45.001,21773,483.838,66.278,47.657,163.243,453.023,0,0.0,False,0,66.278,0,False,cold,True
20260709,cassandra_naive,c3_scale_1M_seed42,32,2,20,path,2,cold,process_cold,0,45.001,35859,796.849,40.184,30.372,81.048,242.395,0,0.0,False,0,40.184,1,False,cold,True
20260709,cassandra_opt,c3_scale_1M_seed42,32,2,20,path,2,cold,process_cold,0,45.002,27606,613.442,52.224,46.83,89.697,110.06,0,0.0,False,0,52.224,16,False,cold,True
20260709,cassandra_opt,c3_scale_1M_seed42,32,2,20,path,3,cold,process_cold,0,45.001,27769,617.068,51.885,46.009,87.901,107.258,0,0.0,False,0,51.885,16,False,cold,True
20260709,cassandra_naive,c3_scale_1M_seed42,32,2,20,path,3,cold,process_cold,0,45.002,35829,796.172,40.223,30.171,82.148,243.326,0,0.0,False,0,40.223,1,False,cold,True
20260709,neo4j,c3_scale_1M_seed42,32,2,20,path,3,cold,process_cold,0,45.001,21853,485.61,66.049,47.698,161.047,446.717,0,0.0,False,0,66.049,0,False,cold,True
20260709,cassandra_naive,c3_scale_1M_seed42,32,2,20,path,4,cold,process_cold,0,45.001,35837,796.362,40.205,30.283,82.209,241.336,0,0.0,False,0,40.205,1,False,cold,True
20260709,neo4j,c3_scale_1M_seed42,32,2,20,path,4,cold,process_cold,0,45.001,21906,486.79,65.843,47.68,159.548,445.449,0,0.0,False,0,65.843,0,False,cold,True
20260709,cassandra_opt,c3_scale_1M_seed42,32,2,20,path,4,cold,process_cold,0,45.027,27809,617.61,51.843,45.815,89.082,105.694,0,0.0,False,0,51.843,16,False,cold,True
20260709,cassandra_opt,c3_scale_1M_seed42,32,2,20,path,5,cold,process_cold,0,45.001,27411,609.123,52.563,45.786,91.689,113.209,0,0.0,False,0,52.563,16,False,cold,True
20260709,cassandra_naive,c3_scale_1M_seed42,32,2,20,path,5,cold,process_cold,0,45.003,35670,792.62,40.399,30.196,83.726,245.208,0,0.0,False,0,40.399,1,False,cold,True
20260709,neo4j,c3_scale_1M_seed42,32,2,20,path,5,cold,process_cold,0,45.001,21788,484.167,66.192,47.938,163.392,443.432,0,0.0,False,0,66.192,0,False,cold,True
20260709,cassandra_opt,c3_scale_1M_seed42,64,2,20,path,1,cold,process_cold,0,45.001,27725,616.103,104.047,98.605,150.236,170.952,0,0.0,False,0,104.047,16,False,cold,True
20260709,neo4j,c3_scale_1M_seed42,64,2,20,path,1,cold,process_cold,0,45.002,21073,468.271,137.373,97.799,355.107,924.646,0,0.0,False,0,137.373,0,False,cold,True
20260709,cassandra_naive,c3_scale_1M_seed42,64,2,20,path,1,cold,process_cold,0,45.001,37409,831.29,77.088,59.251,142.967,454.433,0,0.0,False,0,77.088,1,False,cold,True
20260709,cassandra_naive,c3_scale_1M_seed42,64,2,20,path,2,cold,process_cold,0,45.0,37594,835.414,76.706,58.928,143.144,451.886,0,0.0,False,0,76.706,1,False,cold,True
20260709,neo4j,c3_scale_1M_seed42,64,2,20,path,2,cold,process_cold,0,45.003,21136,469.657,137.105,98.958,346.155,906.899,0,0.0,False,0,137.105,0,False,cold,True
20260709,cassandra_opt,c3_scale_1M_seed42,64,2,20,path,2,cold,process_cold,0,45.001,27030,600.654,106.726,101.982,153.507,182.304,0,0.0,False,0,106.726,16,False,cold,True
20260709,neo4j,c3_scale_1M_seed42,64,2,20,path,3,cold,process_cold,0,45.002,21157,470.137,136.859,97.749,352.28,918.456,0,0.0,False,0,136.859,0,False,cold,True
20260709,cassandra_opt,c3_scale_1M_seed42,64,2,20,path,3,cold,process_cold,0,45.001,27048,601.057,106.601,99.838,155.727,186.732,0,0.0,False,0,106.601,16,False,cold,True
20260709,cassandra_naive,c3_scale_1M_seed42,64,2,20,path,3,cold,process_cold,0,45.003,37488,833.006,77.012,59.028,143.962,454.949,0,0.0,False,0,77.012,1,False,cold,True
20260709,neo4j,c3_scale_1M_seed42,64,2,20,path,4,cold,process_cold,0,45.009,21209,471.221,136.367,96.871,352.194,915.365,0,0.0,False,0,136.367,0,False,cold,True
20260709,cassandra_naive,c3_scale_1M_seed42,64,2,20,path,4,cold,process_cold,0,45.001,37434,831.842,77.122,59.364,141.653,456.123,0,0.0,False,0,77.122,1,False,cold,True
20260709,cassandra_opt,c3_scale_1M_seed42,64,2,20,path,4,cold,process_cold,0,45.023,27463,609.972,105.078,99.191,149.798,172.193,0,0.0,False,0,105.078,16,False,cold,True
20260709,neo4j,c3_scale_1M_seed42,64,2,20,path,5,cold,process_cold,0,45.002,21273,472.713,135.981,96.59,348.389,923.578,0,0.0,False,0,135.981,0,False,cold,True
20260709,cassandra_naive,c3_scale_1M_seed42,64,2,20,path,5,cold,process_cold,0,45.005,37698,837.634,76.493,58.743,143.962,450.208,0,0.0,False,0,76.493,1,False,cold,True
20260709,cassandra_opt,c3_scale_1M_seed42,64,2,20,path,5,cold,process_cold,0,45.002,26376,586.109,109.348,101.6,162.277,192.537,0,0.0,False,0,109.348,16,False,cold,True
