alpha_dense,split,category,n,MRR@10,Hit@1,Hit@5,Hit@10,Recall@10,nDCG@10
0.0,dev,1,58,0.2552613574165298,0.13793103448275862,0.43103448275862066,0.5172413793103449,0.2686918445539135,0.21102640646284326
0.0,dev,2,82,0.5908536585365853,0.524390243902439,0.6829268292682927,0.6951219512195121,0.6788617886178863,0.606502465702294
0.0,dev,3,21,0.29894179894179895,0.23809523809523808,0.38095238095238093,0.42857142857142855,0.36904761904761907,0.30256695146606855
0.0,dev,4,229,0.462225341373813,0.36681222707423583,0.5938864628820961,0.6724890829694323,0.6499272197962155,0.49934760881350415
0.0,test,1,224,0.2612262613378685,0.16517857142857142,0.3794642857142857,0.47767857142857145,0.2705495475702243,0.20968465793626997
0.0,test,2,239,0.5581141661685594,0.45188284518828453,0.6736401673640168,0.7322175732217573,0.6956066945606694,0.5810483742779917
0.0,test,3,71,0.22705119606528057,0.14084507042253522,0.30985915492957744,0.38028169014084506,0.24506665662423738,0.195267055954574
0.0,test,4,612,0.48308564166407286,0.3758169934640523,0.6225490196078431,0.6895424836601307,0.6838235294117647,0.528850197402115
0.1,dev,1,58,0.31546250684181715,0.20689655172413793,0.46551724137931033,0.5862068965517241,0.32048440065681444,0.2557026223078596
0.1,dev,2,82,0.5884146341463414,0.5121951219512195,0.6951219512195121,0.6951219512195121,0.6788617886178863,0.6050409123967714
0.1,dev,3,21,0.3152683295540438,0.23809523809523808,0.42857142857142855,0.5238095238095238,0.42857142857142855,0.3292693705002242
0.1,dev,4,229,0.47334511679489855,0.37117903930131,0.6200873362445415,0.6899563318777293,0.6717612809315866,0.5129851402669564
0.1,test,1,224,0.2935356434240363,0.19196428571428573,0.42410714285714285,0.5223214285714286,0.3175327726784494,0.2437553838157105
0.1,test,2,239,0.5835790662150494,0.4895397489539749,0.6861924686192469,0.7489539748953975,0.7102510460251045,0.6020432820566988
0.1,test,3,71,0.250760116253074,0.16901408450704225,0.3380281690140845,0.4507042253521127,0.31314177399512944,0.22742148353450237
0.1,test,4,612,0.5078697219628592,0.39869281045751637,0.6568627450980392,0.7303921568627451,0.7254901960784313,0.5578779759733052
0.2,dev,1,58,0.33886152162014227,0.22413793103448276,0.5,0.6551724137931034,0.351327312534209,0.2777342459452472
0.2,dev,2,82,0.5994918699186992,0.5365853658536586,0.6951219512195121,0.7195121951219512,0.7032520325203253,0.6210865637769653
0.2,dev,3,21,0.314021164021164,0.23809523809523808,0.47619047619047616,0.5238095238095238,0.42857142857142855,0.3269631558797717
0.2,dev,4,229,0.48457752824565037,0.37554585152838427,0.6200873362445415,0.7161572052401747,0.7001455604075691,0.5287005126147373
0.2,test,1,224,0.3139898667800455,0.19196428571428573,0.4732142857142857,0.5848214285714286,0.3513125345832112,0.26610335995572504
0.2,test,2,239,0.6109218303778973,0.5271966527196653,0.694560669456067,0.7782426778242678,0.7388423988842396,0.6280968752798731
0.2,test,3,71,0.2609154929577465,0.18309859154929578,0.352112676056338,0.4788732394366197,0.32722628103738294,0.23882424624203635
0.2,test,4,612,0.5234366894906111,0.40522875816993464,0.6813725490196079,0.7663398692810458,0.7606209150326797,0.5777492758794046
0.3,dev,1,58,0.35423508483853305,0.20689655172413793,0.5517241379310345,0.6896551724137931,0.381663929939792,0.2992291983619982
0.3,dev,2,82,0.5921070460704607,0.5121951219512195,0.6951219512195121,0.7439024390243902,0.7276422764227642,0.6224268158744005
0.3,dev,3,21,0.319501133786848,0.23809523809523808,0.47619047619047616,0.5238095238095238,0.42857142857142855,0.33180252633672214
0.3,dev,4,229,0.5023653566229985,0.37554585152838427,0.6768558951965066,0.7903930131004366,0.7590975254730714,0.5558851561137957
0.3,test,1,224,0.3525917658730159,0.23214285714285715,0.5133928571428571,0.6383928571428571,0.39202030543078464,0.2995320440153749
0.3,test,2,239,0.6261406654712094,0.5481171548117155,0.7196652719665272,0.7824267782426778,0.7472105997210597,0.6412787460352406
0.3,test,3,71,0.2824726134585289,0.2112676056338028,0.39436619718309857,0.49295774647887325,0.3413107880796365,0.25827193754042804
0.3,test,4,612,0.5436799719887953,0.4215686274509804,0.7107843137254902,0.7908496732026143,0.7867647058823529,0.5999712421216563
0.4,dev,1,58,0.4045703338806786,0.25862068965517243,0.6206896551724138,0.7413793103448276,0.4159003831417624,0.33398176111784916
0.4,dev,2,82,0.6092915214866436,0.524390243902439,0.7195121951219512,0.7804878048780488,0.7642276422764228,0.6444353194546952
0.4,dev,3,21,0.32063492063492066,0.23809523809523808,0.5238095238095238,0.5238095238095238,0.4523809523809524,0.3428538138469111
0.4,dev,4,229,0.5118007901850697,0.37554585152838427,0.7292576419213974,0.7991266375545851,0.7692867540029112,0.566225183851565
0.4,test,1,224,0.38188421201814043,0.24107142857142858,0.5803571428571429,0.6919642857142857,0.43312057029749684,0.3296795169569462
0.4,test,2,239,0.637369661951252,0.5564853556485355,0.7364016736401674,0.799163179916318,0.7737099023709901,0.6564492129765886
0.4,test,3,71,0.28954840152023253,0.2112676056338028,0.39436619718309857,0.49295774647887325,0.3713753106876554,0.2716422442668258
0.4,test,4,612,0.5599763979665938,0.42810457516339867,0.7238562091503268,0.8300653594771242,0.8251633986928104,0.6213102878074241
0.5,dev,1,58,0.43986726874657894,0.29310344827586204,0.6206896551724138,0.7586206896551724,0.4192802408319649,0.3494089248609193
0.5,dev,2,82,0.6239111498257841,0.5487804878048781,0.7317073170731707,0.7804878048780488,0.7642276422764228,0.6563720794305214
0.5,dev,3,21,0.326984126984127,0.23809523809523808,0.5238095238095238,0.5238095238095238,0.4523809523809524,0.34744995643823834
0.5,dev,4,229,0.536624038261593,0.4104803493449782,0.7336244541484717,0.8034934497816594,0.7714701601164484,0.5853979957060645
0.5,test,1,224,0.4263906604308391,0.2767857142857143,0.6160714285714286,0.7589285714285714,0.46082602000130185,0.36097637348258377
0.5,test,2,239,0.6545327754532775,0.5732217573221757,0.7573221757322176,0.8075313807531381,0.7838214783821478,0.6735624722493008
0.5,test,3,71,0.3031298904538341,0.22535211267605634,0.4507042253521127,0.5070422535211268,0.37841756420878214,0.28398806534694193
0.5,test,4,612,0.5732674551302003,0.4362745098039216,0.7450980392156863,0.8447712418300654,0.8415032679738562,0.6360394908237337
0.6,dev,1,58,0.46410098522167476,0.3103448275862069,0.6551724137931034,0.7586206896551724,0.42167487684729055,0.3568839357438368
0.6,dev,2,82,0.6122967479674798,0.5365853658536586,0.7317073170731707,0.7682926829268293,0.7520325203252033,0.645058127782121
0.6,dev,3,21,0.3365079365079365,0.23809523809523808,0.5238095238095238,0.5238095238095238,0.42857142857142855,0.3426670787923101
0.6,dev,4,229,0.5486397033340265,0.43231441048034935,0.7336244541484717,0.7729257641921398,0.745269286754003,0.585001921461031
0.6,test,1,224,0.449516369047619,0.29910714285714285,0.6383928571428571,0.78125,0.4840470697848517,0.38217852625122284
0.6,test,2,239,0.6417065152420798,0.5523012552301255,0.7656903765690377,0.8200836820083682,0.799163179916318,0.6689466957055761
0.6,test,3,71,0.3110719874804382,0.22535211267605634,0.39436619718309857,0.5211267605633803,0.39250207125103564,0.2970786990880725
0.6,test,4,612,0.5783509700176366,0.44281045751633985,0.7581699346405228,0.8545751633986928,0.8502178649237473,0.6419917180345237
0.7,dev,1,58,0.43852627257799665,0.25862068965517243,0.6551724137931034,0.7586206896551724,0.4337438423645319,0.3548359176312129
0.7,dev,2,82,0.5866627951993806,0.5,0.6707317073170732,0.7560975609756098,0.75,0.623703088785223
0.7,dev,3,21,0.2968253968253969,0.19047619047619047,0.47619047619047616,0.5238095238095238,0.42857142857142855,0.31670588131068783
0.7,dev,4,229,0.5343505233243224,0.42358078602620086,0.7074235807860262,0.7685589519650655,0.74235807860262,0.5729913883408562
0.7,test,1,224,0.4424355158730158,0.29017857142857145,0.6473214285714286,0.7767857142857143,0.49512501322299246,0.3851567600644851
0.7,test,2,239,0.6381716145314471,0.5523012552301255,0.7656903765690377,0.8158995815899581,0.7928870292887029,0.6647379436865278
0.7,test,3,71,0.3021294433266264,0.2112676056338028,0.4084507042253521,0.5352112676056338,0.39132836233084783,0.2897187890598684
0.7,test,4,612,0.5631905539993773,0.43137254901960786,0.7483660130718954,0.8447712418300654,0.8404139433551199,0.6278672709446466
0.8,dev,1,58,0.43006978653530364,0.25862068965517243,0.6551724137931034,0.7413793103448276,0.4241926655719759,0.34549178986629536
0.8,dev,2,82,0.5637679055361983,0.47560975609756095,0.6463414634146342,0.7195121951219512,0.7073170731707317,0.5943894970653357
0.8,dev,3,21,0.2878306878306878,0.19047619047619047,0.42857142857142855,0.5714285714285714,0.47619047619047616,0.3196752951437473
0.8,dev,4,229,0.5193439384487418,0.4148471615720524,0.6724890829694323,0.7336244541484717,0.7096069868995634,0.5551643225647606
0.8,test,1,224,0.4251364087301589,0.27232142857142855,0.6294642857142857,0.7589285714285714,0.4911390438352374,0.3770996138729818
0.8,test,2,239,0.6393405060769078,0.5606694560669456,0.7489539748953975,0.799163179916318,0.7775453277545327,0.6620457616023333
0.8,test,3,71,0.30508607198748044,0.22535211267605634,0.4225352112676056,0.5070422535211268,0.36902789284727977,0.2858269346760296
0.8,test,4,612,0.5397558097312997,0.4068627450980392,0.7140522875816994,0.8169934640522876,0.8126361655773421,0.6037886376650698
0.9,dev,1,58,0.4347906403940886,0.29310344827586204,0.6551724137931034,0.7241379310344828,0.42833880678708264,0.3445734058781166
0.9,dev,2,82,0.5415650406504064,0.45121951219512196,0.6341463414634146,0.7195121951219512,0.7073170731707317,0.579074617543058
0.9,dev,3,21,0.24727891156462586,0.14285714285714285,0.38095238095238093,0.5238095238095238,0.42857142857142855,0.280568233820014
0.9,dev,4,229,0.5073733277881749,0.40611353711790393,0.6462882096069869,0.7161572052401747,0.6935953420669578,0.5410793039046684
0.9,test,1,224,0.4291861536281181,0.2857142857142857,0.625,0.7633928571428571,0.49203190097809457,0.37744644169123653
0.9,test,2,239,0.6078717540014611,0.5146443514644351,0.7405857740585774,0.7866108786610879,0.7649930264993026,0.6357848551191626
0.9,test,3,71,0.2878660854012967,0.2112676056338028,0.4084507042253521,0.5070422535211268,0.36819939243302957,0.27325006647206124
0.9,test,4,612,0.5287685444548188,0.4084967320261438,0.6895424836601307,0.7892156862745098,0.784041394335512,0.5885150899435257
1.0,dev,1,58,0.4298850574712643,0.29310344827586204,0.6551724137931034,0.7413793103448276,0.4171319102353584,0.3370346585456499
1.0,dev,2,82,0.5143292682926829,0.4268292682926829,0.6219512195121951,0.6829268292682927,0.6707317073170732,0.5506179833212771
1.0,dev,3,21,0.22989417989417993,0.14285714285714285,0.3333333333333333,0.5238095238095238,0.42857142857142855,0.2600868525849981
1.0,dev,4,229,0.4798918694115199,0.37554585152838427,0.6244541484716157,0.7074235807860262,0.6826783114992723,0.5192053020969556
1.0,test,1,224,0.42437996031746056,0.28125,0.625,0.75,0.48640902682843473,0.37099433428836404
1.0,test,2,239,0.5896294082486551,0.49372384937238495,0.7322175732217573,0.7782426778242678,0.7524407252440725,0.6177213485591126
1.0,test,3,71,0.27568186899172814,0.2112676056338028,0.39436619718309857,0.4788732394366197,0.3572908036454019,0.26432325869865386
1.0,test,4,612,0.5103330220977279,0.39215686274509803,0.6683006535947712,0.7630718954248366,0.7587145969498912,0.568757566379642
