backend_ms,candidate_count,candidate_fetch_ms,commit_ms,dense_scoring_ms,dense_upsert_ms,fresh_hit_at_10,full_write_ack_call_ms,graph_projection_ok,graph_visible_ms,latency_ms,op_id,op_type,phase,projection_fetch_ms,ranking_ms,relation_candidate_ok,relation_check_ms,sparse_scoring_ms,sparse_upsert_ms,status,zscore_fusion_ms
20.0568,663,,,0.5406,,,,,,21.5999,r0_measured_00000,read,measured,,,,,0.618,,ok,0.3204
10.8274,675,,,0.5009,,,,,,12.3243,r0_measured_00001,read,measured,,,,,0.6013,,ok,0.3303
11.0339,663,,,0.5252,,,,,,12.5399,r0_measured_00002,read,measured,,,,,0.5704,,ok,0.349
13.5935,629,,,0.559,,,,,,15.3121,r0_measured_00003,read,measured,,,,,0.6465,,ok,0.4361
14.9217,568,,,0.6764,,,,,,17.0079,r0_measured_00004,read,measured,,,,,0.8245,,ok,0.4968
13.6933,663,,,0.6981,,,,,,15.7927,r0_measured_00005,read,measured,,,,,0.866,,ok,0.4299
14.4283,663,,,0.6181,,,,,,16.2768,r0_measured_00006,read,measured,,,,,0.755,,ok,0.3935
15.4384,419,,,0.2424,,,,,,16.4962,r0_measured_00007,read,measured,,,,,0.458,,ok,0.3064
10.5281,568,,,0.543,,,,,,12.1076,r0_measured_00008,read,measured,,,,,0.6101,,ok,0.3682
16.1562,663,,,0.5639,,,,,,17.9199,r0_measured_00009,read,measured,,,,,0.757,,ok,0.3695
10.8064,663,,,0.6807,,,,,,12.713,r0_measured_00010,read,measured,,,,,0.7455,,ok,0.4067
19.5024,689,,,0.5097,,,,,,21.0954,r0_measured_00011,read,measured,,,,,0.6595,,ok,0.3519
7.7744,568,,,0.4928,,,,,,9.4353,r0_measured_00012,read,measured,,,,,0.6582,,ok,0.4302
15.7055,419,,,0.2561,,,,,,16.8168,r0_measured_00013,read,measured,,,,,0.4899,,ok,0.3117
12.4993,680,,,0.5355,,,,,,14.0317,r0_measured_00014,read,measured,,,,,0.5994,,ok,0.3351
130.9073,681,13.2292,14.8011,0.5777,2.3391,1,14.7995,1,77.3033,132.5417,r0_measured_00015,update,measured,62.5022,1.6344,1,15.9628,0.6189,22.0729,ok,0.3675
7.3071,568,,,0.6139,,,,,,9.2528,r0_measured_00016,read,measured,,,,,0.7704,,ok,0.4838
15.9429,689,,,0.6908,,,,,,17.8284,r0_measured_00017,read,measured,,,,,0.7184,,ok,0.3929
11.7955,681,,,0.5776,,,,,,13.4753,r0_measured_00018,read,measured,,,,,0.6746,,ok,0.3542
14.5391,568,,,0.5619,,,,,,16.2114,r0_measured_00019,read,measured,,,,,0.6777,,ok,0.3626
20.2504,688,,,0.5975,,,,,,22.1089,r0_measured_00020,read,measured,,,,,0.7737,,ok,0.3842
14.8068,568,,,0.4819,,,,,,16.2479,r0_measured_00021,read,measured,,,,,0.5893,,ok,0.3127
11.0352,689,,,0.5103,,,,,,12.566,r0_measured_00022,read,measured,,,,,0.6401,,ok,0.3178
9.3689,629,,,0.5441,,,,,,10.903,r0_measured_00023,read,measured,,,,,0.5868,,ok,0.3343
121.1254,369,17.1215,11.1132,0.2324,1.8913,0,11.1113,1,74.8054,122.2591,r0_measured_00024,update,measured,63.6922,1.1337,1,15.9982,0.4868,11.309,ok,0.3557
17.9535,680,,,0.5497,,,,,,19.5659,r0_measured_00025,read,measured,,,,,0.6481,,ok,0.3465
11.4447,419,,,0.3272,,,,,,12.8871,r0_measured_00026,read,measured,,,,,0.6512,,ok,0.3984
14.3474,681,,,0.6363,,,,,,16.1998,r0_measured_00027,read,measured,,,,,0.7523,,ok,0.3856
11.8405,419,,,0.2967,,,,,,13.0893,r0_measured_00028,read,measured,,,,,0.5521,,ok,0.3426
14.294,663,,,0.5472,,,,,,15.9471,r0_measured_00029,read,measured,,,,,0.6836,,ok,0.3558
13.7707,681,,,0.5255,,,,,,15.3704,r0_measured_00030,read,measured,,,,,0.629,,ok,0.3799
14.3058,419,,,0.3637,,,,,,15.8393,r0_measured_00031,read,measured,,,,,0.6477,,ok,0.4509
13.7033,663,,,0.6104,,,,,,15.2839,r0_measured_00032,read,measured,,,,,0.5558,,ok,0.3458
16.2682,689,,,0.6265,,,,,,18.0673,r0_measured_00033,read,measured,,,,,0.7527,,ok,0.3454
12.1804,681,,,0.5845,,,,,,13.8362,r0_measured_00034,read,measured,,,,,0.6342,,ok,0.3687
13.1584,675,,,0.55,,,,,,14.926,r0_measured_00035,read,measured,,,,,0.6929,,ok,0.4459
13.6874,681,,,0.5464,,,,,,15.3574,r0_measured_00036,read,measured,,,,,0.6891,,ok,0.3542
13.3119,680,,,0.7354,,,,,,15.0779,r0_measured_00037,read,measured,,,,,0.5952,,ok,0.3648
13.5221,680,,,0.5303,,,,,,15.0182,r0_measured_00038,read,measured,,,,,0.5691,,ok,0.3328
13.5447,675,,,0.4791,,,,,,15.0072,r0_measured_00039,read,measured,,,,,0.5895,,ok,0.3349
13.8936,675,,,0.6052,,,,,,15.5213,r0_measured_00040,read,measured,,,,,0.6303,,ok,0.3219
22.0692,675,,,0.6727,,,,,,24.2292,r0_measured_00041,read,measured,,,,,0.7923,,ok,0.5821
9.0097,509,,,0.5281,,,,,,10.6004,r0_measured_00042,read,measured,,,,,0.6199,,ok,0.3819
9.6595,568,,,0.5698,,,,,,11.4354,r0_measured_00043,read,measured,,,,,0.6615,,ok,0.4668
14.7028,663,,,0.7565,,,,,,17.0719,r0_measured_00044,read,measured,,,,,0.9125,,ok,0.5956
12.7943,675,,,0.8828,,,,,,15.433,r0_measured_00045,read,measured,,,,,1.0861,,ok,0.5659
14.1324,419,,,0.5147,,,,,,16.0431,r0_measured_00046,read,measured,,,,,0.8338,,ok,0.483
12.1165,509,,,0.6719,,,,,,14.2051,r0_measured_00047,read,measured,,,,,0.8334,,ok,0.5064
13.1211,509,,,0.7157,,,,,,15.2713,r0_measured_00048,read,measured,,,,,0.8914,,ok,0.462
13.9444,675,,,0.6727,,,,,,16.0603,r0_measured_00049,read,measured,,,,,0.885,,ok,0.4705
11.795,680,,,0.6734,,,,,,13.6743,r0_measured_00050,read,measured,,,,,0.6773,,ok,0.4431
13.9447,663,,,0.676,,,,,,15.8197,r0_measured_00051,read,measured,,,,,0.7041,,ok,0.4172
12.8935,369,,,0.2711,,,,,,14.2061,r0_measured_00052,read,measured,,,,,0.5403,,ok,0.4432
14.923,663,,,0.6381,,,,,,16.759,r0_measured_00053,read,measured,,,,,0.7211,,ok,0.4006
13.5187,681,,,0.6627,,,,,,15.3506,r0_measured_00054,read,measured,,,,,0.679,,ok,0.4129
14.6522,568,,,0.7438,,,,,,16.8409,r0_measured_00055,read,measured,,,,,0.9094,,ok,0.4492
13.1862,509,,,0.6555,,,,,,15.1804,r0_measured_00056,read,measured,,,,,0.7078,,ok,0.5194
14.2399,663,,,0.7336,,,,,,16.236,r0_measured_00057,read,measured,,,,,0.7745,,ok,0.4086
12.4725,681,,,0.7317,,,,,,14.5844,r0_measured_00058,read,measured,,,,,0.8155,,ok,0.4716
20.5216,680,,,0.7454,,,,,,22.8769,r0_measured_00059,read,measured,,,,,0.8943,,ok,0.5955
75.5197,680,,,0.4986,,,,,,77.0859,r0_measured_00060,read,measured,,,,,0.6687,,ok,0.3341
6.4764,629,,,0.5738,,,,,,8.0593,r0_measured_00061,read,measured,,,,,0.5324,,ok,0.4041
14.8235,419,,,0.269,,,,,,16.0224,r0_measured_00062,read,measured,,,,,0.5592,,ok,0.3148
13.7668,419,,,0.306,,,,,,15.0198,r0_measured_00063,read,measured,,,,,0.5129,,ok,0.378
14.7222,681,,,0.6735,,,,,,16.6748,r0_measured_00064,read,measured,,,,,0.7645,,ok,0.43
14.01,509,,,0.6933,,,,,,16.0144,r0_measured_00065,read,measured,,,,,0.7037,,ok,0.5218
13.3475,419,,,0.2571,,,,,,14.4559,r0_measured_00066,read,measured,,,,,0.4956,,ok,0.3024
17.5937,419,,,0.259,,,,,,18.7476,r0_measured_00067,read,measured,,,,,0.5016,,ok,0.3325
10.3162,369,,,0.227,,,,,,11.3945,r0_measured_00068,read,measured,,,,,0.4828,,ok,0.3195
13.7412,369,,,0.3271,,,,,,14.8741,r0_measured_00069,read,measured,,,,,0.4312,,ok,0.3263
133.5065,680,17.8642,14.9618,0.5243,2.5662,1,14.9595,1,76.6393,135.0653,r0_measured_00070,update,measured,61.6775,1.5588,1,15.4697,0.5788,20.9671,ok,0.3893
3.5053,663,,,0.5005,,,,,,4.9365,r0_measured_00071,read,measured,,,,,0.5439,,ok,0.3265
14.9245,680,,,0.5402,,,,,,16.4937,r0_measured_00072,read,measured,,,,,0.6439,,ok,0.323
13.5709,681,,,0.5876,,,,,,15.0922,r0_measured_00073,read,measured,,,,,0.5428,,ok,0.3295
14.4947,509,,,0.4611,,,,,,15.933,r0_measured_00074,read,measured,,,,,0.5256,,ok,0.3878
13.8183,629,,,0.5722,,,,,,15.3357,r0_measured_00075,read,measured,,,,,0.5579,,ok,0.3274
14.6265,689,,,0.4969,,,,,,16.28,r0_measured_00076,read,measured,,,,,0.7145,,ok,0.3403
14.5168,675,,,0.5903,,,,,,16.2184,r0_measured_00077,read,measured,,,,,0.6073,,ok,0.4306
13.6843,509,,,0.5122,,,,,,15.2258,r0_measured_00078,read,measured,,,,,0.5835,,ok,0.381
13.1132,629,,,0.4811,,,,,,14.6633,r0_measured_00079,read,measured,,,,,0.6837,,ok,0.3247
13.9648,419,,,0.2765,,,,,,15.1586,r0_measured_00080,read,measured,,,,,0.513,,ok,0.3469
13.8753,663,,,0.5455,,,,,,15.4922,r0_measured_00081,read,measured,,,,,0.6382,,ok,0.3556
14.3127,681,,,0.4678,,,,,,15.8003,r0_measured_00082,read,measured,,,,,0.6433,,ok,0.3115
15.5721,689,,,0.6354,,,,,,17.3018,r0_measured_00083,read,measured,,,,,0.6711,,ok,0.3506
14.804,681,,,0.6829,,,,,,16.9363,r0_measured_00084,read,measured,,,,,0.8865,,ok,0.4291
11.6636,681,,,0.6384,,,,,,13.5739,r0_measured_00085,read,measured,,,,,0.7804,,ok,0.4114
13.2333,509,,,0.4267,,,,,,14.5657,r0_measured_00086,read,measured,,,,,0.5427,,ok,0.3124
14.7823,663,,,0.7136,,,,,,16.8033,r0_measured_00087,read,measured,,,,,0.7932,,ok,0.4324
12.3567,681,,,0.5533,,,,,,13.8675,r0_measured_00088,read,measured,,,,,0.5912,,ok,0.3063
13.3071,419,,,0.3343,,,,,,14.7187,r0_measured_00089,read,measured,,,,,0.581,,ok,0.4334
14.4108,568,,,0.5031,,,,,,15.9288,r0_measured_00090,read,measured,,,,,0.579,,ok,0.3697
13.8327,369,,,0.2422,,,,,,14.9253,r0_measured_00091,read,measured,,,,,0.4722,,ok,0.3236
14.2861,689,,,0.6182,,,,,,15.9697,r0_measured_00092,read,measured,,,,,0.623,,ok,0.3716
13.9861,568,,,0.5119,,,,,,15.5826,r0_measured_00093,read,measured,,,,,0.6261,,ok,0.3851
106.2038,509,8.9732,16.3752,0.5205,1.9152,1,16.3736,1,75.9034,107.8205,r0_measured_00094,update,measured,59.5282,1.6167,1,0.0083,0.6614,19.4037,ok,0.3723
13.4624,680,,,0.6159,,,,,,15.3669,r0_measured_00095,read,measured,,,,,0.6818,,ok,0.5069
14.1795,419,,,0.3206,,,,,,15.6281,r0_measured_00096,read,measured,,,,,0.5333,,ok,0.524
140.2907,689,19.1198,14.6049,0.6909,2.3491,0,14.6028,1,76.5211,142.3367,r0_measured_00097,update,measured,61.9162,2.046,1,16.9696,0.808,25.3311,ok,0.4517
12.9859,681,,,0.7879,,,,,,15.3403,r0_measured_00098,read,measured,,,,,0.9089,,ok,0.5562
14.6038,663,,,0.74,,,,,,16.7785,r0_measured_00099,read,measured,,,,,0.8644,,ok,0.4759
