op_id,cell,concurrency,repetition,qa_id,scope_id,target_memory_id,edge_count,logical_mutations,commit_ms,graph_visible_ms,relation_candidates_visible_ms,sparse_index_visible_ms,dense_index_visible_ms,candidate_fetch_ms,sparse_scoring_ms,dense_scoring_ms,zscore_fusion_ms,time_to_top10_ms,fresh_hit_at_10,graph_projection_ok,relation_candidate_ok,candidate_count
r0_measured_00015,neo4j-materialized,32,0,lr000007::conv-48_qa_116,lr000007::conv-48,lr000007::conv-48_session_7_D7:20,1,7,8.5227,115.2659,131.2485,163.8941,387.873,982.6101,7.7344,0.7631,0.3507,1379.4136,1,1,1,681
r0_measured_00024,neo4j-materialized,32,0,lr000010::conv-30_qa_60,lr000010::conv-30,lr000010::conv-30_session_9_D9:5,1,6,6.3745,110.1001,156.0865,175.2437,286.7224,515.5953,2.2852,2.2518,0.3335,,0,1,1,367
r0_measured_00070,neo4j-materialized,32,0,lr000007::conv-43_qa_115,lr000007::conv-43,lr000007::conv-43_session_13_D13:4,1,10,6.7856,47.6524,80.2963,119.9329,353.4515,1133.1757,15.3008,0.8648,0.3334,1503.1932,1,1,1,677
r0_measured_00094,neo4j-materialized,32,0,lr000016::conv-49_qa_116,lr000016::conv-49,lr000016::conv-49_session_11_D11:8,0,1,5.9171,35.5589,35.5639,64.6055,267.1105,878.148,8.0787,0.4245,0.3551,1154.1928,1,1,1,509
r0_measured_00097,neo4j-materialized,32,0,lr000007::conv-47_qa_94,lr000007::conv-47,lr000007::conv-47_session_13_D13:8,1,12,5.5741,37.022,65.3181,95.9319,374.0182,1117.1689,14.3887,1.1264,0.3272,,0,1,1,688
r0_measured_00115,neo4j-materialized,32,0,lr000009::conv-26_qa_8,lr000009::conv-26,lr000009::conv-26_session_3_D3:1,2,12,10.2051,49.5881,101.4261,127.2415,269.513,628.8006,1.0073,0.2907,0.3285,900.0019,1,1,1,416
r0_measured_00132,neo4j-materialized,32,0,lr000008::conv-26_qa_66,lr000008::conv-26,lr000008::conv-26_session_16_D16:4,1,7,8.576,39.9081,69.4142,95.2447,231.8317,664.1152,2.5903,1.9419,0.3774,,0,1,1,418
r0_measured_00143,neo4j-materialized,32,0,lr000010::conv-48_qa_112,lr000010::conv-48,lr000010::conv-48_session_6_D6:4,1,8,6.4676,53.1114,78.7604,108.1988,324.1652,1061.3212,6.5513,2.6225,0.8596,1395.6383,1,1,1,681
r0_measured_00157,neo4j-materialized,32,0,lr000013::conv-50_qa_59,lr000013::conv-50,lr000013::conv-50_session_2_D2:1,1,6,6.9722,31.5743,49.875,87.7869,279.7342,860.5733,23.9342,4.1167,0.3491,1168.7813,1,1,1,566
r0_measured_00190,neo4j-materialized,32,0,lr000014::conv-50_qa_25,lr000014::conv-50,lr000014::conv-50_session_15_D15:1,1,6,8.2129,45.4967,83.7495,123.282,326.975,835.1053,8.9588,0.7477,0.3876,1172.2564,1,1,1,565
r0_measured_00196,neo4j-materialized,32,0,lr000001::conv-47_qa_4,lr000001::conv-47,lr000001::conv-47_session_3_D3:5,0,1,5.1053,37.488,37.4922,73.4246,304.7885,1006.0552,7.9555,1.5177,0.3403,,0,1,1,686
r0_measured_00205,neo4j-materialized,32,0,lr000011::conv-44_qa_105,lr000011::conv-44,lr000011::conv-44_session_23_D23:14,1,10,8.8984,40.1443,74.8305,110.1202,331.237,1088.8491,19.9811,1.1372,0.3251,1441.6059,1,1,1,674
r0_measured_00209,neo4j-materialized,32,0,lr000011::conv-44_qa_18,lr000011::conv-44,lr000011::conv-44_session_11_D11:4,1,8,6.5318,41.709,69.1674,200.006,436.4146,1091.097,8.3094,0.9153,0.3467,,0,1,1,674
r0_measured_00241,neo4j-materialized,32,0,lr000000::conv-48_qa_133,lr000000::conv-48,lr000000::conv-48_session_13_D13:5,1,14,9.7737,48.7149,64.5389,97.7712,344.1402,1062.8825,2.079,0.7415,0.3541,,0,1,1,680
r0_measured_00254,neo4j-materialized,32,0,lr000013::conv-44_qa_58,lr000013::conv-44,lr000013::conv-44_session_25_D25:14,1,7,7.3259,35.5066,54.5108,98.762,333.2747,1095.2667,6.0081,1.0408,0.3449,1436.0097,1,1,1,674
r0_measured_00281,neo4j-materialized,32,0,lr000000::conv-48_qa_80,lr000000::conv-48,lr000000::conv-48_session_10_D10:20,0,1,4.914,41.6595,41.6643,82.5903,328.9405,1118.4402,11.7548,0.7669,0.4066,1460.3977,1,1,1,681
r0_measured_00296,neo4j-materialized,32,0,lr000015::conv-41_qa_61,lr000015::conv-41,lr000015::conv-41_session_31_D31:2,1,14,10.4723,71.6761,98.0015,140.5296,370.8806,1060.2266,5.9348,0.8735,0.3884,1438.3961,1,1,1,661
r0_measured_00379,neo4j-materialized,32,0,lr000007::conv-43_qa_121,lr000007::conv-43,lr000007::conv-43_session_14_D14:7,0,1,7.27,38.2387,38.2429,133.7605,437.0413,1079.1886,16.1986,0.7163,0.3733,1533.6026,1,1,1,678
r0_measured_00380,neo4j-materialized,32,0,lr000004::conv-30_qa_56,lr000004::conv-30,lr000004::conv-30_session_6_D6:15,1,7,82.2743,155.8377,180.4973,207.9777,339.9077,565.3028,3.5542,0.2984,0.3676,,0,1,1,366
r0_measured_00412,neo4j-materialized,32,0,lr000007::conv-44_qa_117,lr000007::conv-44,lr000007::conv-44_session_27_D27:2,1,7,8.4725,45.9415,98.1413,131.171,397.2516,1080.3876,17.6819,0.7279,0.3351,1496.4577,1,1,1,673
r0_measured_00417,neo4j-materialized,32,0,lr000010::conv-41_qa_0,lr000010::conv-41,lr000010::conv-41_session_13_D13:16,0,1,4.753,31.9862,31.9904,78.6711,294.3706,1012.4163,4.3447,1.341,0.4113,1312.9654,1,1,1,661
r0_measured_00467,neo4j-materialized,32,0,lr000001::conv-49_qa_141,lr000001::conv-49,lr000001::conv-49_session_21_D21:10,0,1,5.9873,39.6219,39.6268,75.1285,280.4965,792.4336,16.1473,0.5438,0.3394,1090.0234,1,1,1,506
r0_measured_00468,neo4j-materialized,32,0,lr000008::conv-48_qa_70,lr000008::conv-48,lr000008::conv-48_session_23_D23:22,1,8,8.1951,62.8377,82.6479,120.0153,362.34,967.616,9.1173,1.8208,0.3775,1341.3545,1,1,1,678
r0_measured_00508,neo4j-materialized,32,0,lr000007::conv-43_qa_56,lr000007::conv-43,lr000007::conv-43_session_21_D21:13,0,1,8.1648,29.3262,29.3305,78.4809,318.4774,1064.2479,30.1889,1.4176,0.4142,1414.8432,1,1,1,679
r0_measured_00547,neo4j-materialized,32,0,lr000004::conv-30_qa_75,lr000004::conv-30,lr000004::conv-30_session_15_D15:12,0,1,6.891,39.3726,39.3773,61.3673,224.0183,582.4195,2.2822,0.4993,0.3405,,0,1,1,367
r0_measured_00549,neo4j-materialized,32,0,lr000012::conv-50_qa_103,lr000012::conv-50,lr000012::conv-50_session_16_D16:14,1,12,7.0814,41.6774,57.4685,95.9208,293.4522,877.7314,4.1612,0.8567,0.3596,,0,1,1,568
r0_measured_00551,neo4j-materialized,32,0,lr000011::conv-42_qa_54,lr000011::conv-42,lr000011::conv-42_session_25_D25:1,0,1,7.9476,33.3614,33.3657,65.3773,281.2909,957.6288,26.3619,1.2902,0.3628,,0,1,1,627
r0_measured_00558,neo4j-materialized,32,0,lr000006::conv-47_qa_121,lr000006::conv-47,lr000006::conv-47_session_23_D23:3,1,7,8.9852,41.8021,92.3367,124.9701,368.9984,1093.0399,18.8259,1.5233,0.3279,1482.7811,1,1,1,686
r0_measured_00559,neo4j-materialized,32,0,lr000003::conv-44_qa_14,lr000003::conv-44,lr000003::conv-44_session_3_D3:7,0,1,8.7328,39.2134,39.218,99.8406,345.5842,1072.7563,12.089,0.6936,0.3295,1431.5207,1,1,1,674
r0_measured_00591,neo4j-materialized,32,0,lr000009::conv-44_qa_84,lr000009::conv-44,lr000009::conv-44_session_13_D13:6,0,1,7.9672,32.6254,32.6323,74.45,310.1897,1080.9313,9.0926,0.5206,0.3603,1401.1826,1,1,1,674
r0_measured_00599,neo4j-materialized,32,0,lr000011::conv-43_qa_48,lr000011::conv-43,lr000011::conv-43_session_18_D18:2,1,7,8.1583,42.2621,64.8771,110.656,342.9327,1132.0437,7.8235,0.8771,0.3581,1484.1124,1,1,1,679
r0_measured_00657,neo4j-materialized,32,0,lr000011::conv-47_qa_93,lr000011::conv-47,lr000011::conv-47_session_12_D12:5,0,1,6.9545,35.3663,35.3706,127.8292,344.3183,1037.6152,14.2414,0.9079,0.3378,1397.5017,1,1,1,686
r0_measured_00664,neo4j-materialized,32,0,lr000008::conv-48_qa_177,lr000008::conv-48,lr000008::conv-48_session_27_D27:9,1,14,8.5405,49.9414,65.4855,99.4951,339.4808,1110.1533,23.7911,1.2441,0.4209,,0,1,1,679
r0_measured_00681,neo4j-materialized,32,0,lr000015::conv-47_qa_1,lr000015::conv-47,lr000015::conv-47_session_1_D1:26,0,1,8.5598,30.2239,30.2284,68.1629,309.5765,1244.7077,4.4734,0.8856,0.3303,,0,1,1,688
r0_measured_00701,neo4j-materialized,32,0,lr000011::conv-47_qa_39,lr000011::conv-47,lr000011::conv-47_session_18_D18:1,1,8,8.9183,40.0573,59.2389,94.1581,405.8313,1228.3021,21.4653,1.7788,0.5903,1658.0632,1,1,1,687
r0_measured_00703,neo4j-materialized,32,0,lr000012::conv-44_qa_121,lr000012::conv-44,lr000012::conv-44_session_28_D28:10,1,7,7.1757,50.834,83.6008,122.2741,395.2056,1224.7701,12.9344,2.2934,0.4642,1635.7526,1,1,1,674
r0_measured_00708,neo4j-materialized,32,0,lr000004::conv-42_qa_7,lr000004::conv-42,lr000004::conv-42_session_2_D2:3,1,12,12.5746,45.18,70.4413,104.5067,338.9764,1136.8529,15.7801,1.0104,0.3853,1493.098,1,1,1,627
r0_measured_00722,neo4j-materialized,32,0,lr000005::conv-41_qa_98,lr000005::conv-41,lr000005::conv-41_session_15_D15:13,1,10,7.9566,50.4161,76.411,167.7633,432.9803,1140.2793,8.8086,1.4087,0.4755,1584.0396,1,1,1,663
r0_measured_00729,neo4j-materialized,32,0,lr000011::conv-50_qa_48,lr000011::conv-50,lr000011::conv-50_session_22_D22:1,1,10,7.0307,45.0069,76.0793,116.3132,329.6056,938.5239,7.8802,0.4519,0.3869,,0,1,1,566
r0_measured_00734,neo4j-materialized,32,0,lr000002::conv-43_qa_140,lr000002::conv-43,lr000002::conv-43_session_19_D19:10,0,1,6.7122,39.3661,39.3714,81.826,343.3663,1112.2752,14.8172,1.7788,0.4165,1472.7348,1,1,1,680
r0_measured_00737,neo4j-materialized,32,0,lr000014::conv-43_qa_159,lr000014::conv-43,lr000014::conv-43_session_26_D26:1,1,7,5.7623,38.2619,62.4334,102.5786,350.1695,1154.7039,3.2103,0.9051,0.3587,1509.4322,1,1,1,680
r0_measured_00774,neo4j-materialized,32,0,lr000013::conv-41_qa_134,lr000013::conv-41,lr000013::conv-41_session_27_D27:11,1,7,10.1498,41.7084,57.5578,110.1068,431.1077,1034.7607,16.8881,0.498,0.353,,0,1,1,662
r0_measured_00787,neo4j-materialized,32,0,lr000002::conv-41_qa_2,lr000002::conv-41,lr000002::conv-41_session_2_D2:28,1,7,9.7527,41.5127,60.9055,147.7937,384.0299,1102.1851,7.0315,0.9637,0.3678,1494.6625,1,1,1,661
r0_measured_00815,neo4j-materialized,32,0,lr000004::conv-30_qa_42,lr000004::conv-30,lr000004::conv-30_session_1_D1:19,0,1,7.583,40.9471,40.9515,67.1397,242.8219,533.5945,6.3164,0.2808,0.3475,783.4283,1,1,1,368
r0_measured_00817,neo4j-materialized,32,0,lr000003::conv-49_qa_69,lr000003::conv-49,lr000003::conv-49_session_19_D19:1,1,8,7.2367,63.2183,91.9059,128.0816,316.5476,771.2981,7.6168,0.757,0.3902,1096.6858,1,1,1,509
r0_measured_00862,neo4j-materialized,32,0,lr000002::conv-50_qa_107,lr000002::conv-50,lr000002::conv-50_session_17_D17:5,1,14,5.8713,56.6713,89.0243,120.5024,338.9727,899.4977,19.3076,0.6598,0.3428,1258.8483,1,1,1,566
r0_measured_00869,neo4j-materialized,32,0,lr000009::conv-42_qa_181,lr000009::conv-42,lr000009::conv-42_session_26_D26:18,0,1,7.6104,33.4178,33.4218,73.8591,319.5237,975.509,15.1386,0.4154,0.3178,1310.9698,1,1,1,628
r0_measured_00873,neo4j-materialized,32,0,lr000001::conv-47_qa_70,lr000001::conv-47,lr000001::conv-47_session_2_D2:12,1,7,5.8898,40.2901,64.3401,111.011,352.9302,1145.5139,11.6061,1.0045,0.4348,1511.5833,1,1,1,687
r0_measured_00893,neo4j-materialized,32,0,lr000006::conv-47_qa_92,lr000006::conv-47,lr000006::conv-47_session_11_D11:3,0,1,13.3747,49.6664,49.6719,92.4207,332.0506,1195.5057,29.5159,0.4524,0.3317,1557.9346,1,1,1,687
r0_measured_00907,neo4j-materialized,32,0,lr000011::conv-49_qa_116,lr000011::conv-49,lr000011::conv-49_session_11_D11:8,0,1,4.4336,30.8954,30.8997,59.2771,265.6692,816.9313,11.082,0.6087,0.3421,1094.7042,1,1,1,509
r0_measured_00914,neo4j-materialized,32,0,lr000003::conv-41_qa_6,lr000003::conv-41,lr000003::conv-41_session_4_D4:1,1,12,7.6503,44.1567,72.5392,108.7627,341.4585,1027.273,8.942,3.2197,0.4335,1381.4072,1,1,1,658
r0_measured_00930,neo4j-materialized,32,0,lr000001::conv-49_qa_28,lr000001::conv-49,lr000001::conv-49_session_6_D6:4,0,1,6.1041,39.2957,39.3004,69.7253,265.0798,706.0343,22.7979,0.5783,0.3424,,0,1,1,507
r0_measured_00952,neo4j-materialized,32,0,lr000000::conv-49_qa_60,lr000000::conv-49,lr000000::conv-49_session_13_D13:8,0,1,7.1853,38.8408,38.8458,72.1267,253.933,826.5144,9.1675,0.6911,0.4287,,0,1,1,508
r0_measured_00969,neo4j-materialized,32,0,lr000011::conv-42_qa_169,lr000011::conv-42,lr000011::conv-42_session_24_D24:4,1,7,5.6399,38.4375,57.1084,91.24,355.5317,1037.8357,4.8682,0.6653,0.4118,,0,1,1,628
r0_measured_00975,neo4j-materialized,32,0,lr000015::conv-50_qa_28,lr000015::conv-50,lr000015::conv-50_session_5_D5:8,1,10,9.4991,45.2794,82.379,139.6343,317.6697,967.6805,6.9334,1.2138,0.3928,1293.9601,1,1,1,564
r0_measured_00976,neo4j-materialized,32,0,lr000001::conv-44_qa_86,lr000001::conv-44,lr000001::conv-44_session_14_D14:4,1,8,8.3203,45.836,113.8596,150.5526,373.0919,1101.8298,12.3992,0.7217,0.3281,1488.443,1,1,1,673
r0_measured_00993,neo4j-materialized,32,0,lr000004::conv-42_qa_35,lr000004::conv-42,lr000004::conv-42_session_19_D19:9,1,7,10.0207,48.723,83.1015,176.1763,394.3948,892.2125,14.1846,0.6354,0.3448,1301.8513,1,1,1,628
r0_measured_00997,neo4j-materialized,32,0,lr000002::conv-42_qa_71,lr000002::conv-42,lr000002::conv-42_session_11_D11:9,1,8,7.6771,41.0742,55.8707,95.8661,301.9985,883.367,13.9655,0.9019,0.3542,1200.6538,1,1,1,629
r0_measured_01045,neo4j-materialized,32,0,lr000010::conv-49_qa_101,lr000010::conv-49,lr000010::conv-49_session_7_D7:2,1,10,8.7713,48.5933,68.5508,106.0719,277.3101,941.888,28.8502,0.9486,0.3244,1249.3818,1,1,1,508
r0_measured_01056,neo4j-materialized,32,0,lr000013::conv-47_qa_94,lr000013::conv-47,lr000013::conv-47_session_13_D13:8,1,12,7.2557,37.1073,73.5987,159.235,462.7552,1036.5958,13.2913,0.916,0.3412,,0,1,1,688
r0_measured_01058,neo4j-materialized,32,0,lr000004::conv-30_qa_49,lr000004::conv-30,lr000004::conv-30_session_3_D3:6,1,10,5.5572,111.8813,125.8951,149.0546,321.9201,589.2982,3.6913,0.2478,0.3153,915.5313,1,1,1,369
r0_measured_01062,neo4j-materialized,32,0,lr000014::conv-30_qa_21,lr000014::conv-30,lr000014::conv-30_session_12_D12:6,1,12,6.1807,36.0282,56.6429,86.5529,244.4778,562.484,8.3145,0.2682,0.3531,815.9618,1,1,1,368
r0_measured_01066,neo4j-materialized,32,0,lr000014::conv-26_qa_149,lr000014::conv-26,lr000014::conv-26_session_18_D18:9,0,1,4.6273,39.7378,39.7426,67.9807,238.263,614.7246,1.4301,0.2984,0.3292,,0,1,1,419
r0_measured_01069,neo4j-materialized,32,0,lr000012::conv-47_qa_49,lr000012::conv-47,lr000012::conv-47_session_23_D23:8,1,18,9.8241,42.3504,62.343,93.6363,321.6754,1032.8553,9.4004,1.5835,0.3595,1365.9602,1,1,1,689
r0_measured_01076,neo4j-materialized,32,0,lr000006::conv-30_qa_76,lr000006::conv-30,lr000006::conv-30_session_15_D15:18,0,1,5.5106,39.1019,39.1059,60.9023,188.1447,534.6495,2.2183,0.2661,0.3503,725.691,1,1,1,369
r0_measured_01164,neo4j-materialized,32,0,lr000003::conv-41_qa_61,lr000003::conv-41,lr000003::conv-41_session_31_D31:2,1,14,8.7333,45.9534,60.4806,98.9285,338.8677,1030.2386,8.4951,1.4002,0.4251,1379.5057,1,1,1,659
r0_measured_01199,neo4j-materialized,32,0,lr000001::conv-50_qa_11,lr000001::conv-50,lr000001::conv-50_session_6_D6:1,0,1,7.7143,39.1806,39.1844,128.8694,315.9035,929.5958,4.3832,1.0017,0.3277,,0,1,1,566
r0_measured_01215,neo4j-materialized,32,0,lr000010::conv-43_qa_37,lr000010::conv-43,lr000010::conv-43_session_13_D13:1,2,17,5.7173,52.1813,88.1388,125.9458,396.3253,950.1422,23.9445,0.9805,0.3863,1371.8543,1,1,1,679
r0_measured_01221,neo4j-materialized,32,0,lr000005::conv-44_qa_19,lr000005::conv-44,lr000005::conv-44_session_10_D10:12,1,7,9.7083,53.9664,78.9976,125.4927,345.0574,962.9306,23.8749,0.6949,0.3479,,0,1,1,674
r0_measured_01310,neo4j-materialized,32,0,lr000008::conv-48_qa_43,lr000008::conv-48,lr000008::conv-48_session_12_D12:1,2,14,6.936,36.6556,105.7042,144.1189,390.0172,1232.3284,4.8112,0.9934,0.379,,0,1,1,680
r0_measured_01318,neo4j-materialized,32,0,lr000013::conv-43_qa_52,lr000013::conv-43,lr000013::conv-43_session_8_D8:5,0,1,7.9318,38.008,38.0125,78.8842,373.2887,1176.8087,6.1824,1.3272,0.3344,1558.0221,1,1,1,678
r0_measured_01320,neo4j-materialized,32,0,lr000007::conv-44_qa_88,lr000007::conv-44,lr000007::conv-44_session_16_D16:8,0,1,6.4769,38.32,38.3252,75.7799,388.9118,1163.5716,13.7996,0.9095,0.338,,0,1,1,674
r0_measured_01327,neo4j-materialized,32,0,lr000007::conv-47_qa_24,lr000007::conv-47,lr000007::conv-47_session_13_D13:7,0,1,5.4619,56.5123,56.5209,92.0731,399.1755,1127.837,12.7654,1.3359,0.339,,0,1,1,689
r0_measured_01328,neo4j-materialized,32,0,lr000011::conv-47_qa_134,lr000011::conv-47,lr000011::conv-47_session_25_D25:13,1,7,39.5247,74.831,99.6911,140.8601,436.8616,1138.7164,13.519,1.06,0.3473,1590.576,1,1,1,688
r0_measured_01330,neo4j-materialized,32,0,lr000003::conv-41_qa_80,lr000003::conv-41,lr000003::conv-41_session_8_D8:15,0,1,4.3738,65.811,65.8185,106.2652,361.6308,1048.253,11.5995,0.4272,0.3307,1422.3121,1,1,1,660
r0_measured_01347,neo4j-materialized,32,0,lr000016::conv-47_qa_47,lr000016::conv-47,lr000016::conv-47_session_23_D23:1,1,7,8.2145,37.3746,68.7659,109.3545,381.8812,1057.994,9.2603,0.6282,0.3142,1450.1424,1,1,1,689
r0_measured_01364,neo4j-materialized,32,0,lr000007::conv-44_qa_101,lr000007::conv-44,lr000007::conv-44_session_22_D22:5,1,7,5.9873,41.104,58.666,96.2625,301.5188,1113.6968,8.846,1.0672,0.3765,1425.5859,1,1,1,675
r0_measured_01384,neo4j-materialized,32,0,lr000011::conv-50_qa_65,lr000011::conv-50,lr000011::conv-50_session_27_D27:6,0,1,7.9116,36.5875,36.5916,80.5574,267.4607,1012.9051,11.2693,0.3978,0.3171,1292.4188,1,1,1,567
r0_measured_01403,neo4j-materialized,32,0,lr000002::conv-41_qa_73,lr000002::conv-41,lr000002::conv-41_session_5_D5:8,1,7,6.7632,41.6237,80.4785,168.3541,411.9248,1087.2913,6.1796,1.1116,0.3387,1506.9372,1,1,1,662
r0_measured_01422,neo4j-materialized,32,0,lr000011::conv-42_qa_130,lr000011::conv-42,lr000011::conv-42_session_15_D15:7,1,7,8.5139,68.9847,103.517,135.1566,368.609,1006.5369,14.2089,0.7219,0.3416,1390.4915,1,1,1,629
r0_measured_01451,neo4j-materialized,32,0,lr000001::conv-47_qa_22,lr000001::conv-47,lr000001::conv-47_session_10_D10:10,1,10,7.0852,44.4066,60.8021,107.2217,388.1762,1178.7676,9.2728,1.4249,0.3843,,0,1,1,688
r0_measured_01490,neo4j-materialized,32,0,lr000012::conv-43_qa_9,lr000012::conv-43,lr000012::conv-43_session_3_D3:13,1,8,7.4612,47.4576,73.0878,107.376,377.061,1105.8998,12.0574,0.9756,0.3539,1496.4347,1,1,1,679
r0_measured_01494,neo4j-materialized,32,0,lr000010::conv-49_qa_84,lr000010::conv-49,lr000010::conv-49_session_1_D1:16,1,6,5.9368,35.965,51.9604,81.589,306.0991,821.688,12.9994,0.5967,0.3974,,0,1,1,509
r0_measured_01498,neo4j-materialized,32,0,lr000003::conv-43_qa_0,lr000003::conv-43,lr000003::conv-43_session_1_D1:9,1,10,9.731,48.8061,70.3588,109.4278,351.4628,1143.2914,11.4446,0.5438,0.3879,1507.2128,1,1,1,678
r0_measured_01524,neo4j-materialized,32,0,lr000007::conv-50_qa_148,lr000007::conv-50,lr000007::conv-50_session_28_D28:10,1,10,9.1422,49.7236,76.5624,110.9154,326.4088,974.4226,18.8561,0.6955,0.6073,1321.0644,1,1,1,568
r0_measured_01547,neo4j-materialized,32,0,lr000012::conv-42_qa_96,lr000012::conv-42,lr000012::conv-42_session_1_D1:13,1,16,6.4073,47.5325,162.277,202.7153,426.3278,925.646,19.854,0.6571,0.3739,1372.944,1,1,1,629
r0_measured_01548,neo4j-materialized,32,0,lr000009::conv-44_qa_88,lr000009::conv-44,lr000009::conv-44_session_16_D16:8,0,1,7.3938,39.0133,39.0178,129.4792,370.3406,998.5837,17.1606,0.9472,0.3507,,0,1,1,675
r0_measured_01619,neo4j-materialized,32,0,lr000002::conv-48_qa_186,lr000002::conv-48,lr000002::conv-48_session_29_D29:9,1,12,9.8364,49.3371,67.0387,104.5607,394.6758,1014.8208,11.6509,0.9443,0.3651,1422.5351,1,1,1,679
r0_measured_01634,neo4j-materialized,32,0,lr000008::conv-47_qa_148,lr000008::conv-47,lr000008::conv-47_session_31_D31:4,0,1,7.1769,35.8492,35.8535,74.3713,327.1932,1128.5179,10.2156,1.0609,0.3674,1467.4441,1,1,1,686
r0_measured_01664,neo4j-materialized,32,0,lr000003::conv-47_qa_76,lr000003::conv-47,lr000003::conv-47_session_4_D4:14,1,8,7.6317,39.7939,57.0831,95.2991,338.2499,1216.6289,11.1661,1.3947,0.3722,1567.887,1,1,1,689
r0_measured_01696,neo4j-materialized,32,0,lr000002::conv-47_qa_48,lr000002::conv-47,lr000002::conv-47_session_23_D23:5,0,1,4.7002,37.7392,37.7432,72.4055,331.1833,1154.3711,19.3618,0.8616,0.3538,1506.2129,1,1,1,689
r0_measured_01698,neo4j-materialized,32,0,lr000016::conv-48_qa_180,lr000016::conv-48,lr000016::conv-48_session_28_D28:7,1,12,25.0405,72.7193,97.1866,136.0458,355.2681,1200.681,14.5515,1.165,0.3679,,0,1,1,678
r0_measured_01748,neo4j-materialized,32,0,lr000016::conv-48_qa_59,lr000016::conv-48,lr000016::conv-48_session_19_D19:13,0,1,6.966,60.8847,60.8949,99.39,345.0175,1124.5089,6.0176,1.1716,0.4651,1477.2694,1,1,1,679
r0_measured_01772,neo4j-materialized,32,0,lr000015::conv-42_qa_150,lr000015::conv-42,lr000015::conv-42_session_19_D19:8,1,7,8.996,52.1636,82.2374,119.0364,369.9919,1140.4718,16.7004,0.5739,0.3422,1528.1457,1,1,1,628
r0_measured_01781,neo4j-materialized,32,0,lr000015::conv-42_qa_155,lr000015::conv-42,lr000015::conv-42_session_21_D21:6,1,14,7.0378,53.9823,99.9633,131.9933,360.5212,1077.8872,13.2608,0.4638,0.3478,,0,1,1,629
r0_measured_01802,neo4j-materialized,32,0,lr000005::conv-26_qa_34,lr000005::conv-26,lr000005::conv-26_session_9_D9:2,1,14,8.5826,49.1416,66.0912,147.9143,303.0419,678.4626,1.6187,0.2671,0.3415,983.7895,1,1,1,419
r0_measured_01811,neo4j-materialized,32,0,lr000008::conv-50_qa_133,lr000008::conv-50,lr000008::conv-50_session_25_D25:15,1,7,6.6358,38.3342,61.6207,93.5732,337.3947,857.6818,14.9277,1.801,0.3423,1212.2222,1,1,1,568
r0_measured_01816,neo4j-materialized,32,0,lr000013::conv-50_qa_155,lr000013::conv-50,lr000013::conv-50_session_30_D30:4,1,7,4.0054,53.7946,87.9475,133.9347,315.0189,853.8583,20.94,1.2908,0.3623,1191.5365,1,1,1,567
r0_measured_01842,neo4j-materialized,32,0,lr000013::conv-43_qa_112,lr000013::conv-43,lr000013::conv-43_session_12_D12:10,1,7,8.71,38.0302,54.8661,97.6461,340.659,1154.2482,5.6133,0.671,0.3426,1501.6016,1,1,1,679
r0_measured_01869,neo4j-materialized,32,0,lr000002::conv-41_qa_33,lr000002::conv-41,lr000002::conv-41_session_1_D1:3,1,10,8.454,47.1146,71.7358,114.5842,392.6277,970.678,3.4645,0.44,0.3372,1367.6245,1,1,1,663
r0_measured_01877,neo4j-materialized,32,0,lr000007::conv-43_qa_27,lr000007::conv-43,lr000007::conv-43_session_18_D18:3,1,8,7.3743,38.4401,54.9488,92.474,351.5325,1089.7468,25.6411,0.4425,0.3282,1467.7726,1,1,1,680
r0_measured_01882,neo4j-materialized,32,0,lr000002::conv-48_qa_122,lr000002::conv-48,lr000002::conv-48_session_10_D10:13,1,7,6.1514,49.7682,68.328,96.6813,349.609,1180.2926,21.9478,1.2845,0.3781,1553.5943,1,1,1,680
r0_measured_01900,neo4j-materialized,32,0,lr000010::conv-41_qa_37,lr000010::conv-41,lr000010::conv-41_session_15_D15:1,1,8,8.5317,35.0475,62.4875,103.3723,315.4103,1213.0559,10.7659,0.523,0.3744,,0,1,1,662
r0_measured_01922,neo4j-materialized,32,0,lr000008::conv-42_qa_163,lr000008::conv-42,lr000008::conv-42_session_23_D23:17,1,14,6.4979,67.4916,98.818,132.5968,449.7454,951.9476,18.7741,0.5968,0.3878,1421.5152,1,1,1,629
r0_measured_01924,neo4j-materialized,32,0,lr000000::conv-49_qa_48,lr000000::conv-49,lr000000::conv-49_session_8_D8:1,1,7,8.0376,94.5896,111.018,140.6532,381.6156,778.6608,16.5205,0.781,0.3446,1177.9834,1,1,1,509
r0_measured_01927,neo4j-materialized,32,0,lr000013::conv-41_qa_8,lr000013::conv-41,lr000013::conv-41_session_5_D5:5,1,7,7.1887,64.4558,100.2579,135.3149,374.0862,1009.9288,4.2655,1.0694,0.3449,1389.7741,1,1,1,663
r0_measured_01944,neo4j-materialized,32,0,lr000004::conv-49_qa_140,lr000004::conv-49,lr000004::conv-49_session_21_D21:16,1,14,5.7986,50.2621,71.3234,97.1082,274.4327,710.4799,17.8804,0.5891,0.3413,1003.7964,1,1,1,508
r0_measured_02012,neo4j-materialized,32,0,lr000010::conv-43_qa_131,lr000010::conv-43,lr000010::conv-43_session_16_D16:7,1,14,7.6198,53.6834,79.3062,160.8379,426.8274,1100.4457,25.4967,0.9362,0.3488,1554.1341,1,1,1,680
r0_measured_02017,neo4j-materialized,32,0,lr000016::conv-42_qa_1,lr000016::conv-42,lr000016::conv-42_session_1_D1:10,1,16,8.0997,45.1461,79.5451,121.9663,359.5402,998.0484,12.8552,1.6062,0.4193,,0,1,1,629
r0_measured_02021,neo4j-materialized,32,0,lr000001::conv-49_qa_155,lr000001::conv-49,lr000001::conv-49_session_25_D25:10,1,7,10.1827,49.5724,100.7413,132.5494,305.2635,815.9007,22.3561,0.3897,0.3675,1144.3461,1,1,1,508
r0_measured_02031,neo4j-materialized,32,0,lr000002::conv-48_qa_39,lr000002::conv-48,lr000002::conv-48_session_10_D10:4,2,20,8.0639,54.5997,99.7513,133.0016,378.7333,1083.7783,94.131,1.1361,0.3179,1558.1843,1,1,1,681
r0_measured_02044,neo4j-materialized,32,0,lr000016::conv-43_qa_57,lr000016::conv-43,lr000016::conv-43_session_8_D8:12,1,7,7.9806,40.1253,57.2247,96.9614,354.192,1075.4162,9.3928,1.3676,0.3505,1440.7989,1,1,1,680
r0_measured_02073,neo4j-materialized,32,0,lr000001::conv-50_qa_15,lr000001::conv-50,lr000001::conv-50_session_8_D8:4,1,7,8.3397,55.1253,78.1723,167.9208,348.3526,802.0171,7.4742,1.277,0.3734,1159.571,1,1,1,567
r0_measured_02143,neo4j-materialized,32,0,lr000016::conv-41_qa_13,lr000016::conv-41,lr000016::conv-41_session_8_D8:1,1,10,6.8713,33.3698,48.6465,136.9799,406.0151,990.1612,7.4224,0.7802,0.3686,1404.8334,1,1,1,662
r0_measured_02151,neo4j-materialized,32,0,lr000013::conv-42_qa_81,lr000013::conv-42,lr000013::conv-42_session_10_D10:9,1,8,6.4265,39.187,63.938,96.4033,326.0095,997.0869,4.6258,1.2062,0.366,1329.3641,1,1,1,627
r0_measured_02172,neo4j-materialized,32,0,lr000014::conv-41_qa_29,lr000014::conv-41,lr000014::conv-41_session_16_D16:4,1,12,10.3968,46.967,75.8496,116.7739,350.5372,1086.1999,9.8374,2.0343,0.3758,,0,1,1,662
r0_measured_02195,neo4j-materialized,32,0,lr000012::conv-44_qa_53,lr000012::conv-44,lr000012::conv-44_session_2_D2:18,1,14,5.8069,41.3213,62.8775,105.2231,330.0347,1249.2655,10.033,0.5343,0.3549,,0,1,1,675
r0_measured_02220,neo4j-materialized,32,0,lr000007::conv-49_qa_20,lr000007::conv-49,lr000007::conv-49_session_2_D2:9,1,7,11.6141,41.107,69.1778,99.9442,282.7116,950.8443,20.911,1.2998,0.4013,,0,1,1,507
r0_measured_02235,neo4j-materialized,32,0,lr000006::conv-47_qa_19,lr000006::conv-47,lr000006::conv-47_session_9_D9:16,1,16,7.1508,57.2726,72.3457,108.2881,355.0355,1154.5411,10.6042,0.5659,0.4166,,0,1,1,688
r0_measured_02255,neo4j-materialized,32,0,lr000013::conv-30_qa_41,lr000013::conv-30,lr000013::conv-30_session_1_D1:17,1,7,7.9247,39.9389,72.7153,101.5908,220.8312,556.3478,4.7099,0.2336,0.348,782.5194,1,1,1,368
r0_measured_02266,neo4j-materialized,32,0,lr000009::conv-26_qa_89,lr000009::conv-26,lr000009::conv-26_session_2_D2:15,0,1,8.0118,59.9632,59.9744,93.4103,241.1455,662.6755,3.7342,0.3226,0.3589,,0,1,1,417
r0_measured_02307,neo4j-materialized,32,0,lr000011::conv-44_qa_111,lr000011::conv-44,lr000011::conv-44_session_24_D24:10,1,7,7.2487,44.5854,82.5017,126.2296,377.0322,1021.185,18.2382,0.4389,0.323,1417.2805,1,1,1,675
r0_measured_02318,neo4j-materialized,32,0,lr000008::conv-48_qa_77,lr000008::conv-48,lr000008::conv-48_session_27_D27:1,1,12,8.4034,36.1628,53.5463,84.4941,308.7074,1025.9779,18.0,1.5017,0.3861,,0,1,1,681
r0_measured_02339,neo4j-materialized,32,0,lr000016::conv-48_qa_25,lr000016::conv-48,lr000016::conv-48_session_4_D4:21,0,1,6.8755,32.6923,32.6976,74.1916,325.6497,1130.6943,4.906,0.7516,0.3506,,0,1,1,680
r0_measured_02340,neo4j-materialized,32,0,lr000011::conv-47_qa_60,lr000011::conv-47,lr000011::conv-47_session_10_D10:4,1,12,7.1736,47.9521,71.4963,100.8811,332.2723,1064.1176,21.3207,0.9076,0.3401,1419.0355,1,1,1,689
r0_measured_02361,neo4j-materialized,32,0,lr000009::conv-43_qa_135,lr000009::conv-43,lr000009::conv-43_session_18_D18:6,1,10,10.8645,41.7667,58.2117,94.7977,349.6712,1014.9766,20.1716,0.4926,0.3519,1385.7384,1,1,1,679
r0_measured_02364,neo4j-materialized,32,0,lr000002::conv-26_qa_35,lr000002::conv-26,lr000002::conv-26_session_9_D9:1,2,11,7.076,44.3829,110.9433,140.9821,292.1081,625.42,3.3511,0.2738,0.3344,921.5439,1,1,1,419
r0_measured_02421,neo4j-materialized,32,0,lr000004::conv-42_qa_29,lr000004::conv-42,lr000004::conv-42_session_16_D16:11,0,1,4.6775,39.3317,39.3359,77.5401,284.3446,1018.8427,22.0662,0.8035,0.3901,1326.5123,1,1,1,629
r0_measured_02428,neo4j-materialized,32,0,lr000014::conv-42_qa_22,lr000014::conv-42,lr000014::conv-42_session_12_D12:13,0,1,4.5295,41.5569,41.5631,81.8562,292.8315,952.1718,10.7544,0.4645,0.3402,,0,1,1,627
r0_measured_02449,neo4j-materialized,32,0,lr000012::conv-43_qa_160,lr000012::conv-43,lr000012::conv-43_session_26_D26:12,0,1,11.742,61.8062,61.8137,102.9556,361.9683,1036.9821,13.1485,0.8528,0.3421,,0,1,1,680
r0_measured_02450,neo4j-materialized,32,0,lr000006::conv-42_qa_134,lr000006::conv-42,lr000006::conv-42_session_16_D16:10,1,7,6.4543,70.611,86.1881,122.3186,345.883,958.4351,14.9782,0.7779,0.3673,1320.5384,1,1,1,627
r0_measured_02502,neo4j-materialized,32,0,lr000001::conv-44_qa_22,lr000001::conv-44,lr000001::conv-44_session_14_D14:1,2,16,7.8389,54.0009,119.8842,151.0758,417.4904,1027.6226,10.7441,0.5362,0.4134,1456.9111,1,1,1,674
r0_measured_02519,neo4j-materialized,32,0,lr000004::conv-48_qa_152,lr000004::conv-48,lr000004::conv-48_session_19_D19:18,0,1,6.0138,38.485,38.4901,73.9079,301.8193,1086.4927,13.5518,0.8458,0.3276,1403.1058,1,1,1,681
r0_measured_02556,neo4j-materialized,32,0,lr000001::conv-41_qa_89,lr000001::conv-41,lr000001::conv-41_session_12_D12:3,1,7,7.2382,45.5847,69.1218,112.9008,342.8884,983.2566,17.8942,0.6516,0.3456,1345.1175,1,1,1,663
r0_measured_02618,neo4j-materialized,32,0,lr000005::conv-44_qa_113,lr000005::conv-44,lr000005::conv-44_session_25_D25:8,1,7,7.9235,41.0286,66.7273,148.8226,370.749,1117.941,18.9062,0.6988,0.3491,1508.7304,1,1,1,675
r0_measured_02641,neo4j-materialized,32,0,lr000009::conv-26_qa_73,lr000009::conv-26,lr000009::conv-26_session_17_D17:8,1,6,6.4472,44.9262,66.6164,94.308,245.2346,695.6094,1.3412,0.278,0.3314,942.8515,1,1,1,418
r0_measured_02652,neo4j-materialized,32,0,lr000014::conv-49_qa_27,lr000014::conv-49,lr000014::conv-49_session_5_D5:7,1,10,7.4671,41.9479,64.3332,102.8977,307.5141,871.8005,12.8437,0.9772,0.3818,,0,1,1,507
r0_measured_02674,neo4j-materialized,32,0,lr000015::conv-41_qa_49,lr000015::conv-41,lr000015::conv-41_session_26_D26:1,2,14,7.7933,53.8326,91.0503,125.9009,458.6269,1169.0441,12.2267,1.2815,0.3978,1641.6692,1,1,1,662
r0_measured_02678,neo4j-materialized,32,0,lr000003::conv-43_qa_100,lr000003::conv-43,lr000003::conv-43_session_9_D9:4,1,10,7.8355,54.0912,82.9517,169.284,476.068,1150.9292,16.394,0.4756,0.337,1644.2765,1,1,1,679
r0_measured_02684,neo4j-materialized,32,0,lr000011::conv-50_qa_29,lr000011::conv-50,lr000011::conv-50_session_5_D5:9,1,10,10.1965,41.7735,59.6807,103.2656,359.5543,917.9904,9.9645,0.4136,0.3253,,0,1,1,568
r0_measured_02688,neo4j-materialized,32,0,lr000004::conv-43_qa_137,lr000004::conv-43,lr000004::conv-43_session_19_D19:3,1,7,7.9931,40.3777,65.7221,104.1778,409.4938,1089.9028,10.3341,0.7364,0.3625,1510.9067,1,1,1,678
r0_measured_02696,neo4j-materialized,32,0,lr000015::conv-41_qa_118,lr000015::conv-41,lr000015::conv-41_session_21_D21:24,1,8,9.5763,49.5157,72.7316,113.7866,364.87,1114.9387,25.9107,2.289,0.4203,,0,1,1,663
r0_measured_02703,neo4j-materialized,32,0,lr000014::conv-50_qa_17,lr000014::conv-50,lr000014::conv-50_session_9_D9:1,2,14,7.544,44.9507,78.5405,114.1444,297.643,933.5332,7.771,0.8865,0.3622,,0,1,1,566
r0_measured_02728,neo4j-materialized,32,0,lr000015::conv-50_qa_112,lr000015::conv-50,lr000015::conv-50_session_19_D19:9,1,7,6.0971,34.4271,52.9232,88.929,322.0997,985.4702,22.8863,0.7367,0.4545,1331.739,1,1,1,565
r0_measured_02750,neo4j-materialized,32,0,lr000013::conv-44_qa_13,lr000013::conv-44,lr000013::conv-44_session_9_D9:1,1,14,6.696,55.8451,84.475,121.7371,366.9775,1068.24,22.5173,1.3219,0.3734,1459.5132,1,1,1,675
r0_measured_02786,neo4j-materialized,32,0,lr000014::conv-49_qa_21,lr000014::conv-49,lr000014::conv-49_session_5_D5:1,1,22,10.0023,65.3365,97.608,127.0181,314.1436,825.0072,11.4497,1.205,0.3969,1152.2815,1,1,1,508
r0_measured_02797,neo4j-materialized,32,0,lr000009::conv-26_qa_14,lr000009::conv-26,lr000009::conv-26_session_4_D4:15,1,7,10.6543,50.7908,66.1324,94.9489,284.6046,626.9428,4.9667,0.333,0.4014,917.3314,1,1,1,419
r0_measured_02814,neo4j-materialized,32,0,lr000005::conv-50_qa_29,lr000005::conv-50,lr000005::conv-50_session_5_D5:9,1,10,7.1998,41.0559,59.3633,96.2389,282.3378,878.3,9.6159,0.438,0.3452,,0,1,1,566
r0_measured_02882,neo4j-materialized,32,0,lr000006::conv-48_qa_180,lr000006::conv-48,lr000006::conv-48_session_28_D28:7,1,12,8.5923,44.845,64.2887,99.4284,369.9045,1103.5685,16.5735,3.6222,0.3436,,0,1,1,681
r0_measured_02900,neo4j-materialized,32,0,lr000007::conv-41_qa_4,lr000007::conv-41,lr000007::conv-41_session_3_D3:1,1,14,6.669,48.5475,71.4413,110.606,388.2222,1055.7227,19.0618,0.9066,0.4294,1464.4417,1,1,1,663
r0_measured_02901,neo4j-materialized,32,0,lr000001::conv-48_qa_14,lr000001::conv-48,lr000001::conv-48_session_2_D2:17,1,7,6.1775,48.6298,124.5974,153.162,382.1943,1081.2502,6.8478,1.3049,0.4266,1472.1326,1,1,1,681
r0_measured_02922,neo4j-materialized,32,0,lr000001::conv-26_qa_86,lr000001::conv-26,lr000001::conv-26_session_2_D2:12,1,16,8.1345,51.4847,68.7186,98.5409,262.8243,740.2943,5.5593,0.265,0.3075,1009.3051,1,1,1,419
r0_measured_02948,neo4j-materialized,32,0,lr000013::conv-43_qa_167,lr000013::conv-43,lr000013::conv-43_session_27_D27:24,1,14,7.9718,45.956,78.709,123.6546,335.2338,1091.6097,14.4842,0.8028,0.4283,1442.6414,1,1,1,680
r0_measured_02960,neo4j-materialized,32,0,lr000010::conv-44_qa_14,lr000010::conv-44,lr000010::conv-44_session_3_D3:7,0,1,6.2824,40.3242,40.3294,79.1917,352.4486,1066.0364,8.7817,2.5386,0.3969,1430.2833,1,1,1,675
r0_measured_02971,neo4j-materialized,32,0,lr000011::conv-43_qa_55,lr000011::conv-43,lr000011::conv-43_session_1_D1:3,0,1,8.4092,40.2806,40.286,80.9002,312.7006,1117.2524,10.0167,1.678,0.4315,1442.1788,1,1,1,680
r0_measured_02982,neo4j-materialized,32,0,lr000006::conv-47_qa_0,lr000006::conv-47,lr000006::conv-47_session_1_D1:27,0,1,8.8291,40.593,40.5973,79.8901,324.0357,1123.3428,2.2057,0.7462,0.3568,,0,1,1,689
r0_measured_03000,neo4j-materialized,32,0,lr000008::conv-26_qa_139,lr000008::conv-26,lr000008::conv-26_session_17_D17:18,0,1,7.6869,34.335,34.3395,115.5112,268.1486,627.5155,5.4182,0.3191,0.3635,,0,1,1,419
r0_measured_03040,neo4j-materialized,32,0,lr000003::conv-41_qa_129,lr000003::conv-41,lr000003::conv-41_session_25_D25:14,0,1,7.8007,37.7421,37.7468,82.4964,301.3817,1033.8322,24.8435,0.7903,0.3545,1361.287,1,1,1,661
r0_measured_03068,neo4j-materialized,32,0,lr000008::conv-47_qa_149,lr000008::conv-47,lr000008::conv-47_session_31_D31:22,1,7,9.569,97.6792,119.9338,162.9289,374.8871,1012.4597,32.2033,0.5184,0.3662,1420.5166,1,1,1,687
r0_measured_03108,neo4j-materialized,32,0,lr000006::conv-43_qa_15,lr000006::conv-43,lr000006::conv-43_session_4_D4:8,1,16,7.4428,50.9987,71.0903,112.4451,336.242,1074.9653,2.7674,0.6835,0.4084,1415.1405,1,1,1,679
r0_measured_03187,neo4j-materialized,32,0,lr000003::conv-44_qa_119,lr000003::conv-44,lr000003::conv-44_session_27_D27:10,0,1,7.5658,38.4688,38.4741,75.974,399.5225,1028.2911,14.4178,0.4669,0.3343,1443.1118,1,1,1,675
r0_measured_03194,neo4j-materialized,32,0,lr000001::conv-44_qa_78,lr000001::conv-44,lr000001::conv-44_session_9_D9:23,1,10,6.4496,44.6707,65.4975,147.1839,382.0311,1022.7179,12.5605,1.1396,0.3811,1418.8985,1,1,1,675
r0_measured_03215,neo4j-materialized,32,0,lr000009::conv-30_qa_53,lr000009::conv-30,lr000009::conv-30_session_3_D3:8,1,14,7.2736,49.0835,77.8693,107.5339,230.8142,548.2398,4.8626,0.2496,0.3362,784.5545,1,1,1,368
r0_measured_03275,neo4j-materialized,32,0,lr000004::conv-49_qa_34,lr000004::conv-49,lr000004::conv-49_session_7_D7:1,2,12,53.9848,101.954,155.1429,188.0763,373.0221,750.2398,7.5932,0.3907,0.3603,1131.68,1,1,1,509
r0_measured_03303,neo4j-materialized,32,0,lr000008::conv-47_qa_2,lr000008::conv-47,lr000008::conv-47_session_1_D1:36,0,1,6.5589,44.7218,44.726,82.5414,325.5003,1074.3085,12.2746,0.7816,0.3635,,0,1,1,688
r0_measured_03318,neo4j-materialized,32,0,lr000006::conv-43_qa_0,lr000006::conv-43,lr000006::conv-43_session_1_D1:9,1,10,8.031,41.9013,62.4019,101.5973,342.8314,1050.3362,11.3408,0.8172,0.3557,1405.7738,1,1,1,680
r0_measured_03375,neo4j-materialized,32,0,lr000000::conv-44_qa_5,lr000000::conv-44,lr000000::conv-44_session_4_D4:1,1,12,7.503,61.2078,122.6678,156.061,456.0175,1080.9936,3.7529,0.455,0.3466,1541.6452,1,1,1,675
r0_measured_03376,neo4j-materialized,32,0,lr000016::conv-50_qa_155,lr000016::conv-50,lr000016::conv-50_session_30_D30:4,1,7,5.2146,55.1415,82.2681,131.7713,378.1268,829.5553,17.4356,0.5974,0.3503,1226.1303,1,1,1,567
r0_measured_03382,neo4j-materialized,32,0,lr000001::conv-50_qa_29,lr000001::conv-50,lr000001::conv-50_session_5_D5:9,1,10,5.8482,55.0194,79.4522,112.6762,301.2314,877.0991,12.672,0.9273,0.3396,,0,1,1,568
r0_measured_03411,neo4j-materialized,32,0,lr000001::conv-47_qa_94,lr000001::conv-47,lr000001::conv-47_session_13_D13:8,1,12,11.9618,47.7181,72.5675,107.1916,345.357,1174.236,8.9111,1.1871,0.3444,,0,1,1,689
r0_measured_03434,neo4j-materialized,32,0,lr000013::conv-47_qa_138,lr000013::conv-47,lr000013::conv-47_session_27_D27:6,1,7,7.4015,38.9998,61.6759,103.151,366.1429,1171.7784,13.5069,0.5662,0.3795,1552.4575,1,1,1,689
r0_measured_03452,neo4j-materialized,32,0,lr000005::conv-47_qa_101,lr000005::conv-47,lr000005::conv-47_session_16_D16:8,1,7,9.5556,50.8284,68.5098,103.9225,400.3103,1166.7247,12.5506,1.3101,0.4144,1581.3942,1,1,1,687
r0_measured_03455,neo4j-materialized,32,0,lr000014::conv-41_qa_119,lr000014::conv-41,lr000014::conv-41_session_22_D22:17,1,7,8.0702,111.943,135.6709,170.3698,390.9973,1116.0589,20.5306,0.7239,0.4375,1528.8376,1,1,1,663
r0_measured_03467,neo4j-materialized,32,0,lr000013::conv-42_qa_133,lr000013::conv-42,lr000013::conv-42_session_16_D16:6,1,12,6.8383,40.1704,55.3666,86.1959,323.7766,1071.654,12.1976,0.7223,0.337,1408.7624,1,1,1,628
r0_measured_03472,neo4j-materialized,32,0,lr000013::conv-30_qa_0,lr000013::conv-30,lr000013::conv-30_session_1_D1:2,1,8,7.4799,39.0497,68.1668,97.737,247.0474,628.6398,2.4991,0.2497,0.3344,878.8238,1,1,1,369
r0_measured_03478,neo4j-materialized,32,0,lr000007::conv-49_qa_63,lr000007::conv-49,lr000007::conv-49_session_14_D14:1,3,23,15.8679,61.2195,115.016,149.1378,349.642,872.0776,3.4216,0.3464,0.3485,1225.8968,1,1,1,508
r0_measured_03489,neo4j-materialized,32,0,lr000012::conv-26_qa_38,lr000012::conv-26,lr000012::conv-26_session_8_D8:4,0,1,6.1254,40.7103,40.7153,72.4859,220.568,715.1952,3.5139,0.2871,0.3261,,0,1,1,419
r0_measured_03501,neo4j-materialized,32,0,lr000016::conv-50_qa_57,lr000016::conv-50,lr000016::conv-50_session_27_D27:2,1,10,7.6166,35.8331,53.1438,85.3993,272.7227,899.4396,11.5759,0.379,0.3309,,0,1,1,568
r0_measured_03543,neo4j-materialized,32,0,lr000004::conv-43_qa_99,lr000004::conv-43,lr000004::conv-43_session_8_D8:22,0,1,5.0697,50.907,50.913,93.3986,345.0457,1109.3782,10.9413,0.8023,0.3345,1466.5719,1,1,1,679
r0_measured_03574,neo4j-materialized,32,0,lr000009::conv-42_qa_23,lr000009::conv-42,lr000009::conv-42_session_14_D14:1,1,8,6.4608,42.7537,62.4832,146.0688,365.202,1022.5795,11.5552,0.7837,0.3741,1400.584,1,1,1,629
r0_measured_03585,neo4j-materialized,32,0,lr000015::conv-44_qa_58,lr000015::conv-44,lr000015::conv-44_session_25_D25:14,1,7,9.2434,35.8678,51.4919,91.9395,339.3729,1056.1942,9.8781,0.765,0.3577,1406.6517,1,1,1,675
r0_measured_03589,neo4j-materialized,32,0,lr000007::conv-49_qa_36,lr000007::conv-49,lr000007::conv-49_session_7_D7:8,1,12,9.9538,49.867,72.8712,103.295,281.1081,790.5406,10.6655,0.6002,0.356,,0,1,1,509
r0_measured_03713,neo4j-materialized,32,0,lr000015::conv-50_qa_46,lr000015::conv-50,lr000015::conv-50_session_21_D21:4,1,12,6.0637,48.0392,87.0216,171.5954,373.3523,873.7502,6.4185,1.4196,0.3986,,0,1,1,566
r0_measured_03728,neo4j-materialized,32,0,lr000008::conv-43_qa_90,lr000008::conv-43,lr000008::conv-43_session_6_D6:17,1,10,7.1926,44.8129,67.0219,112.1243,348.982,1092.9695,10.7203,0.6989,0.3354,1453.7823,1,1,1,677
r0_measured_03752,neo4j-materialized,32,0,lr000004::conv-43_qa_125,lr000004::conv-43,lr000004::conv-43_session_15_D15:11,1,12,5.6964,49.5897,93.6636,135.9029,348.4552,1022.6777,9.1636,0.9557,0.3563,1381.6958,1,1,1,680
r0_measured_03778,neo4j-materialized,32,0,lr000006::conv-42_qa_123,lr000006::conv-42,lr000006::conv-42_session_13_D13:11,0,1,8.5746,36.6365,36.6416,127.1062,348.53,967.8395,17.7479,0.7107,0.3665,1335.2688,1,1,1,628
r0_measured_03799,neo4j-materialized,32,0,lr000014::conv-47_qa_104,lr000014::conv-47,lr000014::conv-47_session_16_D16:11,0,1,8.6177,38.689,38.6934,91.3581,362.9154,1107.9701,16.2117,1.0481,0.4358,1488.6663,1,1,1,689
r0_measured_03801,neo4j-materialized,32,0,lr000005::conv-50_qa_86,lr000005::conv-50,lr000005::conv-50_session_9_D9:15,1,7,4.0973,36.6218,59.7204,94.9108,300.0008,914.5687,20.7279,0.4983,0.3929,1236.2753,1,1,1,567
r0_measured_03838,neo4j-materialized,32,0,lr000013::conv-42_qa_74,lr000013::conv-42,lr000013::conv-42_session_1_D1:16,1,16,5.4155,47.4091,70.0524,108.2411,354.9868,925.8127,8.8743,2.1795,0.3501,,0,1,1,629
r0_measured_03843,neo4j-materialized,32,0,lr000008::conv-30_qa_18,lr000008::conv-30,lr000008::conv-30_session_1_D1:4,1,10,7.9014,42.0754,69.461,92.2273,231.8459,543.8129,4.5313,0.2542,0.3399,,0,1,1,369
r0_measured_03851,neo4j-materialized,32,0,lr000011::conv-41_qa_85,lr000011::conv-41,lr000011::conv-41_session_10_D10:13,1,10,5.9187,39.1085,75.2692,120.7155,347.3475,1048.291,16.1178,0.4771,0.5145,1412.8245,1,1,1,658
r0_measured_03883,neo4j-materialized,32,0,lr000015::conv-50_qa_70,lr000015::conv-50,lr000015::conv-50_session_30_D30:1,1,7,8.6043,50.6905,71.4989,111.6081,302.9399,842.2208,8.7685,0.4187,0.3478,,0,1,1,567
r0_measured_03914,neo4j-materialized,32,0,lr000014::conv-42_qa_50,lr000014::conv-42,lr000014::conv-42_session_13_D13:9,1,10,5.4437,42.1565,60.5194,94.5372,304.8074,960.2975,16.604,3.1332,0.3795,,0,1,1,628
r0_measured_03927,neo4j-materialized,32,0,lr000010::conv-30_qa_38,lr000010::conv-30,lr000010::conv-30_session_19_D19:6,1,7,6.0986,36.8075,72.2044,93.6151,224.9241,523.5987,2.4955,0.2465,0.3151,751.6294,1,1,1,368
r0_measured_03977,neo4j-materialized,32,0,lr000011::conv-41_qa_133,lr000011::conv-41,lr000011::conv-41_session_27_D27:9,1,10,7.3585,47.2856,69.822,107.3327,326.9756,1098.435,12.4942,0.5628,0.3686,1438.9378,1,1,1,659
r0_measured_03998,neo4j-materialized,32,0,lr000016::conv-30_qa_10,lr000016::conv-30,lr000016::conv-30_session_5_D5:5,1,14,8.1377,52.019,72.434,99.1206,261.6446,570.3191,6.385,0.3223,0.3777,839.116,1,1,1,368
r0_measured_04001,neo4j-materialized,32,0,lr000014::conv-42_qa_57,lr000014::conv-42,lr000014::conv-42_session_26_D26:19,2,13,7.8982,60.8878,95.7239,124.3049,337.6445,1038.1598,24.5803,1.0234,0.3976,,0,1,1,629
r0_measured_04066,neo4j-materialized,32,0,lr000014::conv-50_qa_146,lr000014::conv-50,lr000014::conv-50_session_28_D28:40,1,7,7.8602,47.2392,73.2688,111.5257,305.2679,954.9152,13.8223,0.6134,0.3426,1275.0318,1,1,1,567
r0_measured_04073,neo4j-materialized,32,0,lr000011::conv-41_qa_52,lr000011::conv-41,lr000011::conv-41_session_27_D27:8,1,12,6.504,50.1142,82.9835,122.5111,412.8886,1046.0793,8.3787,0.7224,0.3656,1468.5111,1,1,1,660
r0_measured_04078,neo4j-materialized,32,0,lr000015::conv-47_qa_58,lr000015::conv-47,lr000015::conv-47_session_28_D28:27,1,10,8.4075,38.7372,70.6905,148.2908,436.5978,1104.5787,14.0319,0.5431,0.3772,1556.2163,1,1,1,689
r0_measured_04087,neo4j-materialized,32,0,lr000003::conv-41_qa_2,lr000003::conv-41,lr000003::conv-41_session_2_D2:28,1,7,6.9703,44.8061,68.2193,106.734,338.7832,1059.4645,7.259,1.0838,0.3641,1407.0338,1,1,1,662
r0_measured_04105,neo4j-materialized,32,0,lr000001::conv-49_qa_116,lr000001::conv-49,lr000001::conv-49_session_11_D11:8,0,1,9.0572,39.4337,39.4376,75.7018,236.8789,845.8709,16.8173,0.4607,0.3682,1100.4665,1,1,1,509
r0_measured_04119,neo4j-materialized,32,0,lr000004::conv-47_qa_12,lr000004::conv-47,lr000004::conv-47_session_6_D6:6,1,7,5.1363,42.4998,62.2422,116.9435,358.0147,1135.4734,5.0066,0.9654,0.3558,,0,1,1,689
r0_measured_04133,neo4j-materialized,32,0,lr000005::conv-49_qa_32,lr000005::conv-49,lr000005::conv-49_session_6_D6:13,1,7,9.3974,44.2391,64.7471,107.3485,352.8456,744.9952,6.8639,1.2433,0.3537,,0,1,1,509
r0_measured_04137,neo4j-materialized,32,0,lr000013::conv-50_qa_104,lr000013::conv-50,lr000013::conv-50_session_16_D16:20,0,1,5.8905,34.1806,34.1851,113.2848,317.8897,859.989,14.7504,0.7741,0.3605,1193.822,1,1,1,568
r0_measured_04151,neo4j-materialized,32,0,lr000001::conv-42_qa_75,lr000001::conv-42,lr000001::conv-42_session_3_D3:4,0,1,5.6356,38.1666,38.171,74.6287,276.362,922.8206,8.3998,0.4028,0.3293,,0,1,1,629
r0_measured_04183,neo4j-materialized,32,0,lr000009::conv-30_qa_42,lr000009::conv-30,lr000009::conv-30_session_1_D1:19,0,1,5.3787,34.6443,34.6482,61.3385,195.0744,627.7372,5.3078,0.2787,0.3514,828.8074,1,1,1,369
r0_measured_04200,neo4j-materialized,32,0,lr000003::conv-30_qa_18,lr000003::conv-30,lr000003::conv-30_session_1_D1:4,1,10,8.915,52.8278,135.2549,160.0398,286.1794,548.7576,2.2968,0.2538,0.3304,,0,1,1,369
r0_measured_04262,neo4j-materialized,32,0,lr000008::conv-43_qa_138,lr000008::conv-43,lr000008::conv-43_session_19_D19:6,1,8,7.0689,42.4001,60.0478,99.421,359.8664,1004.4691,13.9878,0.6542,0.3596,1379.4037,1,1,1,678
r0_measured_04330,neo4j-materialized,32,0,lr000008::conv-43_qa_169,lr000008::conv-43,lr000008::conv-43_session_27_D27:28,1,7,6.2055,45.3861,72.9966,109.957,426.589,1036.9059,14.5099,0.8156,0.3328,1479.2248,1,1,1,679
r0_measured_04339,neo4j-materialized,32,0,lr000006::conv-42_qa_162,lr000006::conv-42,lr000006::conv-42_session_23_D23:7,1,10,8.9714,45.5437,68.0435,144.7754,427.8027,930.3322,18.7007,1.2906,0.3189,1378.5142,1,1,1,629
r0_measured_04348,neo4j-materialized,32,0,lr000008::conv-47_qa_100,lr000008::conv-47,lr000008::conv-47_session_15_D15:15,1,12,9.1611,68.4635,89.0424,126.4206,351.6921,1041.614,11.2636,1.2247,0.3719,1406.2497,1,1,1,689
r0_measured_04387,neo4j-materialized,32,0,lr000011::conv-41_qa_119,lr000011::conv-41,lr000011::conv-41_session_22_D22:17,1,7,7.0236,51.7581,75.5066,115.4081,349.7916,976.4374,17.5771,0.4853,0.3418,1344.7137,1,1,1,661
r0_measured_04428,neo4j-materialized,32,0,lr000007::conv-26_qa_35,lr000007::conv-26,lr000007::conv-26_session_9_D9:1,2,11,10.8446,50.5854,124.291,152.1667,351.2252,648.3867,2.1401,0.3231,0.3554,1002.4993,1,1,1,419
r0_measured_04435,neo4j-materialized,32,0,lr000014::conv-50_qa_154,lr000014::conv-50,lr000014::conv-50_session_30_D30:2,1,12,9.3876,40.6373,91.961,128.3285,298.8396,878.3671,11.9744,0.4526,0.352,1190.0663,1,1,1,568
r0_measured_04436,neo4j-materialized,32,0,lr000000::conv-50_qa_0,lr000000::conv-50,lr000000::conv-50_session_3_D3:1,0,1,4.9342,42.7592,42.7638,76.0881,279.2395,903.2181,6.1054,1.1401,0.3688,,0,1,1,568
r0_measured_04489,neo4j-materialized,32,0,lr000013::conv-48_qa_172,lr000013::conv-48,lr000013::conv-48_session_24_D24:10,1,8,5.7909,35.167,60.708,100.6802,355.6421,1053.7766,16.0532,0.5092,0.3502,,0,1,1,681
r0_measured_04492,neo4j-materialized,32,0,lr000016::conv-41_qa_93,lr000016::conv-41,lr000016::conv-41_session_13_D13:5,2,17,14.4866,49.8115,99.7379,138.3498,383.3944,1030.2553,8.7876,1.471,0.3324,1424.3157,1,1,1,663
r0_measured_04529,neo4j-materialized,32,0,lr000005::conv-50_qa_111,lr000005::conv-50,lr000005::conv-50_session_19_D19:6,1,7,5.4747,39.9146,55.7928,95.8968,295.1375,863.2918,11.3426,0.4424,2.692,1174.2805,1,1,1,568
r0_measured_04544,neo4j-materialized,32,0,lr000015::conv-50_qa_110,lr000015::conv-50,lr000015::conv-50_session_18_D18:11,0,1,8.9582,39.645,39.6505,74.2859,269.9892,978.1458,14.037,0.7102,0.3696,,0,1,1,568
r0_measured_04569,neo4j-materialized,32,0,lr000016::conv-48_qa_52,lr000016::conv-48,lr000016::conv-48_session_16_D16:2,1,12,7.931,70.8309,102.3974,137.4934,441.0778,1210.1153,11.5342,0.7021,0.3495,1663.8578,1,1,1,681
r0_measured_04579,neo4j-materialized,32,0,lr000005::conv-30_qa_13,lr000005::conv-30,lr000005::conv-30_session_6_D6:6,1,12,5.2292,82.0204,104.7646,129.248,259.3708,621.8513,2.6469,0.2791,0.3801,884.5954,1,1,1,369
r0_measured_04590,neo4j-materialized,32,0,lr000010::conv-41_qa_65,lr000010::conv-41,lr000010::conv-41_session_1_D1:8,1,7,6.3531,42.922,60.2368,107.2664,340.6774,1072.5608,11.8706,0.452,0.3439,1425.9834,1,1,1,663
r0_measured_04599,neo4j-materialized,32,0,lr000005::conv-43_qa_61,lr000005::conv-43,lr000005::conv-43_session_4_D4:10,1,14,8.2886,51.7897,89.4578,129.6239,400.5206,1031.3586,10.1221,0.9022,0.3853,,0,1,1,680
r0_measured_04608,neo4j-materialized,32,0,lr000009::conv-43_qa_54,lr000009::conv-43,lr000009::conv-43_session_20_D20:40,0,1,11.0769,42.027,42.0332,79.9329,322.242,1126.8241,15.1786,1.065,0.3945,1465.7825,1,1,1,680
r0_measured_04647,neo4j-materialized,32,0,lr000009::conv-49_qa_141,lr000009::conv-49,lr000009::conv-49_session_21_D21:10,0,1,7.5323,39.4449,39.4505,82.6065,301.6163,809.5301,21.2474,0.8733,0.3227,1133.6504,1,1,1,509
r0_measured_04649,neo4j-materialized,32,0,lr000016::conv-30_qa_61,lr000016::conv-30,lr000016::conv-30_session_9_D9:10,1,7,8.8973,46.9599,69.1557,98.6366,242.7877,644.3788,2.7433,0.2525,0.3192,890.5406,1,1,1,369
r0_measured_04658,neo4j-materialized,32,0,lr000012::conv-48_qa_112,lr000012::conv-48,lr000012::conv-48_session_6_D6:4,1,8,10.9706,42.14,57.3043,100.6633,375.6376,1037.2806,8.1577,1.197,0.3591,1422.7152,1,1,1,681
r0_measured_04665,neo4j-materialized,32,0,lr000001::conv-43_qa_116,lr000001::conv-43,lr000001::conv-43_session_13_D13:6,1,10,8.5676,53.9166,75.3415,113.6019,365.5954,1160.5673,8.5271,0.8738,0.3294,1535.9822,1,1,1,680
r0_measured_04668,neo4j-materialized,32,0,lr000006::conv-44_qa_116,lr000006::conv-44,lr000006::conv-44_session_26_D26:36,0,1,6.6744,39.8117,39.8166,77.9016,338.0694,1110.5488,4.0106,1.114,0.363,1454.1825,1,1,1,675
r0_measured_04675,neo4j-materialized,32,0,lr000006::conv-26_qa_57,lr000006::conv-26,lr000006::conv-26_session_14_D14:1,1,10,9.3718,43.7034,73.6185,95.8052,232.3181,664.6514,3.0285,0.3418,0.365,900.78,1,1,1,419
r0_measured_04704,neo4j-materialized,32,0,lr000014::conv-49_qa_58,lr000014::conv-49,lr000014::conv-49_session_12_D12:2,1,7,9.4904,41.5827,70.7491,105.7393,308.7865,835.2346,19.4685,1.2247,0.3834,1165.1764,1,1,1,509
r0_measured_04708,neo4j-materialized,32,0,lr000003::conv-41_qa_56,lr000003::conv-41,lr000003::conv-41_session_29_D29:2,1,7,6.273,37.0512,55.593,94.1084,362.4526,1090.7862,18.6472,0.8507,0.4037,,0,1,1,663
r0_measured_04715,neo4j-materialized,32,0,lr000008::conv-43_qa_50,lr000008::conv-43,lr000008::conv-43_session_19_D19:20,1,8,5.6774,41.6744,69.3443,105.2706,356.9547,1146.148,16.9596,0.9018,0.3487,,0,1,1,680
r0_measured_04732,neo4j-materialized,32,0,lr000005::conv-47_qa_15,lr000005::conv-47,lr000005::conv-47_session_8_D8:29,1,14,7.033,50.9287,104.5482,144.4886,381.9088,1152.8305,13.7361,0.7476,0.36,,0,1,1,688
r0_measured_04753,neo4j-materialized,32,0,lr000011::conv-26_qa_54,lr000011::conv-26,lr000011::conv-26_session_13_D13:11,0,1,6.7148,40.9364,40.9442,74.9758,205.0944,644.053,4.399,0.2761,0.3292,854.2105,1,1,1,419
r0_measured_04787,neo4j-materialized,32,0,lr000004::conv-44_qa_47,lr000004::conv-44,lr000004::conv-44_session_24_D24:2,1,10,6.0475,51.9879,86.0301,122.0551,363.9508,1092.4451,9.4348,1.0861,0.3203,,0,1,1,675
r0_measured_04791,neo4j-materialized,32,0,lr000002::conv-50_qa_74,lr000002::conv-50,lr000002::conv-50_session_3_D3:7,1,7,7.5279,37.1793,56.8648,94.1506,293.6693,953.7835,19.1353,1.7774,0.3756,1268.8129,1,1,1,567
r0_measured_04806,neo4j-materialized,32,0,lr000014::conv-30_qa_42,lr000014::conv-30,lr000014::conv-30_session_1_D1:19,0,1,6.5161,37.7745,37.7786,104.7397,220.2362,617.1375,5.9741,0.2536,0.3354,843.9998,1,1,1,369
r0_measured_04815,neo4j-materialized,32,0,lr000003::conv-43_qa_57,lr000003::conv-43,lr000003::conv-43_session_8_D8:12,1,7,8.7343,58.9158,80.6408,120.0228,376.2589,1027.2716,6.5082,0.9216,0.3558,1411.3837,1,1,1,680
r0_measured_04853,neo4j-materialized,32,0,lr000007::conv-30_qa_78,lr000007::conv-30,lr000007::conv-30_session_17_D17:7,1,7,7.3505,37.0356,57.9756,81.2636,205.99,677.8287,4.496,0.229,0.3449,888.9393,1,1,1,369
r0_measured_04860,neo4j-materialized,32,0,lr000010::conv-30_qa_56,lr000010::conv-30,lr000010::conv-30_session_6_D6:15,1,7,9.3914,51.5981,70.2485,142.9713,297.876,576.6501,2.7771,0.2585,0.4084,,0,1,1,369
r0_measured_04866,neo4j-materialized,32,0,lr000003::conv-42_qa_92,lr000003::conv-42,lr000003::conv-42_session_10_D10:2,1,7,5.727,41.1237,60.3469,97.6023,358.8882,1035.4736,10.3367,0.7784,0.3733,,0,1,1,629
r0_measured_04871,neo4j-materialized,32,0,lr000011::conv-41_qa_73,lr000011::conv-41,lr000011::conv-41_session_5_D5:8,1,7,7.3437,43.0251,78.5959,113.6665,333.4867,1059.8237,13.1278,1.0175,0.4274,1407.9675,1,1,1,662
r0_measured_04891,neo4j-materialized,32,0,lr000015::conv-49_qa_149,lr000015::conv-49,lr000015::conv-49_session_24_D24:11,0,1,7.0814,31.6137,31.6197,61.1347,266.2369,903.8962,14.9572,0.3709,0.3506,1185.8832,1,1,1,509
r0_measured_04893,neo4j-materialized,32,0,lr000002::conv-50_qa_93,lr000002::conv-50,lr000002::conv-50_session_12_D12:14,0,1,10.2155,40.3604,40.3651,84.097,310.7313,966.7074,8.8694,0.5505,0.3996,1287.3325,1,1,1,568
r0_measured_04897,neo4j-materialized,32,0,lr000015::conv-48_qa_138,lr000015::conv-48,lr000015::conv-48_session_15_D15:3,1,12,6.9984,38.7778,62.944,106.2198,369.3829,1091.4142,15.6833,0.7264,0.3536,1477.6393,1,1,1,681
r0_measured_04904,neo4j-materialized,32,0,lr000011::conv-48_qa_112,lr000011::conv-48,lr000011::conv-48_session_6_D6:4,1,8,7.0212,50.9175,68.2953,100.8861,354.1758,1051.8337,9.5861,0.9006,0.3908,1416.9702,1,1,1,681
r0_measured_04936,neo4j-materialized,32,0,lr000011::conv-41_qa_6,lr000011::conv-41,lr000011::conv-41_session_4_D4:1,1,12,8.7333,42.9934,67.7977,102.5792,315.0875,1034.91,4.4499,0.9503,0.369,1355.8561,1,1,1,663
r0_measured_04961,neo4j-materialized,32,0,lr000005::conv-47_qa_0,lr000005::conv-47,lr000005::conv-47_session_1_D1:27,0,1,6.7053,37.4741,37.4784,77.3151,295.321,1058.7517,3.9667,0.4582,0.3443,,0,1,1,689
