layer,artifact_role,path,sha256,size_bytes,status
data,canonical_input,01_data/c3_source_scale_1M.csv,e28b1e82766819469936646a408102555d0a24f950b6be659889f5948521e5ea,71213660,CANONICAL
data,frozen_embedding,01_data/locomo_memory_bge_large.npy,9cb5a18de1cf63b4a8eb6dc7c4399718c0de7f0bfd0218be61b377ed4a19c118,24092800,CANONICAL
data,canonical_input,01_data/locomo_memory_records.csv,9cf57c37cf9185cc53840e0e30232db1d305c8a50d292e5284f977a0b05aa689,1291177,CANONICAL
data,frozen_embedding,01_data/locomo_qa_bge_large.npy,9d74a961cebdccecfecd473c41636bce135ad2e6a510fc1262c8db4f29ce1e9e,8134784,CANONICAL
data,canonical_input,01_data/locomo_qa_records.csv,048b9bfc779a5f033223b9c0a764a1ef95ba2900c473dad753b59b5f8323fdc3,278562,CANONICAL
system,frozen_event,02_artifacts/frozen_event_manifest.json,632ee249893c15ff1b41cc6da56a9ba53d4ad738ee9e1b64503fa7f305afe78f,259,CANONICAL
system,frozen_event,02_artifacts/frozen_update_events.jsonl,829974fea87dd97147cd661f59d667f95957e0f5a18dcd613346f455fe720a20,45826843,CANONICAL
retrieval,feature,02_artifacts/p3_memory_features.csv,b211c99df6f778b02d2c89670e6db90e12aedef3a313d0ab102708b24795c0cc,2073473,CANONICAL
system,frozen_event,02_artifacts/p5_2_hot_events.jsonl,3376f20be318d28dc1f5f3c183ba2ff3fb519a9ed64598b44fe887a908fbf645,30881879,CANONICAL
system,frozen_event,02_artifacts/p5_2_uniform_events.jsonl,6ee0a8b6c1872f39857c3a1aded2328f2c6247ecde45d38284e1d1321cac4cb8,29378076,CANONICAL
system,frozen_event,02_artifacts/p5_3a_smoke_events.jsonl,b43c6808938a1cb65f959c6da8201190c62325de3e28f0d6a6d8bc58a27ed00e,953513,CANONICAL
system,frozen_event,02_artifacts/p5_3b_burst_events.jsonl,f772c1a8126cc6691c04d1064dabce27a77f0be818d36ad64a07eebd9ab8ef3c,9795558,CANONICAL
system,event_manifest,02_artifacts/p5_3c_event_manifest.json,2f56be5fce0248410d7f6bbde9e5b90467b19e1c80e1a4a75fcee65565313852,326,CANONICAL
system,frozen_event,02_artifacts/p5_3c_restart_events.jsonl,8abaa03f4317d7d5c32b87f6b6f00149495441dbb81b91f8cf5f57ff39c21c67,14130622,CANONICAL
system,frozen_event,02_artifacts/p5_3c_restart_events_17.jsonl,c5401b851eb247f8374eb07e2396d36082c931fbbfc72f66469a64435d436f61,16317765,CANONICAL
system,frozen_event,02_artifacts/p5_3c_restart_events_smoke.jsonl,5b50e1e2ca8c8ddbc128f13a1113e07595137057505cfc0c9d0213ecca56f010,1093452,CANONICAL
retrieval,gold,02_artifacts/retrieval_gold_v2/evidence_corrections.csv,e6a85d15e260d1c5381bf0078c3203bb425a56c724587bc27a586af2b4e9e668,795,CANONICAL
retrieval,gold,02_artifacts/retrieval_gold_v2/legacy_gold_mapping_audit.csv,3d03c844d5d71fff8b9fcf5d67b296cb309421fc5012e5cd19523f08e011370b,176747,CANONICAL
retrieval,gold,02_artifacts/retrieval_gold_v2/locomo_cat1_4_gold_memory.csv,8946fd8f208b8dbd37540a7a45314c758e10744a762190bae2825a56b544e7f7,234352,CANONICAL
retrieval,gold,02_artifacts/retrieval_gold_v2/manifest.json,8a44f966a272eec2eabebc4da3926f503de5e70277087371bcba9e72d19e7701,1701,CANONICAL
retrieval,gold,02_artifacts/retrieval_gold_v2/unmapped_evidence_turns.csv,e141f71be7859f0d2dbd5aea586ae3891be245610469dca2179cf0f60aeac196,62,CANONICAL
system,formal_result,05_reports/backend_equivalence/BACKEND_EQUIVALENCE_REPORT.md,cd4d823548af7c1e3a2e0f12430e28ebb700c15e84fcd7aef7da2f38159b3ab8,5455,CANONICAL
system,formal_result,05_reports/backend_equivalence/backend_input_parity.csv,b5f847373b67785d791947c47bc739dda54c584728ac19651eb2ad04fc4903c9,1606501,CANONICAL
system,formal_result,05_reports/backend_equivalence/canonical_reference_manifest.json,e3e843e2e6a2836d6ab90f94cdae764dd5056f601abff45e939390cbfec50012,3022,CANONICAL
system,formal_result,05_reports/backend_equivalence/cassandra_import.py,e5c6d42bcefaef9c5edddfdf47535b8f6f86b22fb29ba95e8cd4618483f69332,3312,CANONICAL
system,formal_result,05_reports/backend_equivalence/neo4j_import.py,d72e4d488057296b90aa5e39f4d44dd46d527332a0f5c6ac50967e08de1ea28d,4062,CANONICAL
system,formal_result,05_reports/backend_equivalence/retrieval_parity_summary.csv,ab28b5099464c40d2708d84e70ddc996b6766cbc63157432799492f89b2be6ff,145,CANONICAL
system,formal_result,05_reports/backend_equivalence/test_cassandra.py,edd0aa34b1dc1d3f4865a1c57e634608f3f2fbe5a71cc45c11c35f07862e2786,1016,CANONICAL
system,formal_result,05_reports/backend_equivalence/test_neo4j.py,9dd039a0f1c333f8756fd032339f907e9fc8c1d84661f9dd5556ac518c7ca992,1058,CANONICAL
system,formal_result,05_reports/backend_equivalence_v2/BACKEND_BRIDGE_V2_REPORT.md,bca33d7c966f2bb1ec3314ca53026526582ef50e953a96f42a4c874327b8e0a5,5218,CANONICAL
system,formal_result,05_reports/backend_equivalence_v2/TABLE6_BACKEND_BRIDGE.md,8a5ae1ddce0ebc1897585a0af2839a56c36f1a84af51627841a975c392b2c7c6,3170,CANONICAL
system,formal_result,05_reports/backend_equivalence_v2/backend_parity_summary.csv,067fcd9e4cfca3ac0dbde04fae8f3617697b4abba80dcb43d9eebe31629fc513,880,CANONICAL
system,formal_result,05_reports/backend_equivalence_v2/backend_v2_prepare_cassandra.json,28c7cf254ded587fd76174b54c7540838d08d87469a1332ec8ba24ea79a243f0,3207,CANONICAL
system,formal_result,05_reports/backend_equivalence_v2/backend_v2_prepare_manifest.json,2841e653c2db0de514e793a2cac485e82b8d754acb1e4b63bf819fd1e4e95b8c,3269,CANONICAL
system,formal_result,05_reports/backend_equivalence_v2/backend_v2_prepare_neo4j.json,2841e653c2db0de514e793a2cac485e82b8d754acb1e4b63bf819fd1e4e95b8c,3269,CANONICAL
system,formal_result,05_reports/backend_equivalence_v2/csv_frozen_reference_summary.csv,c0bc51ac4892e36a35733544aa7ad8af901c418c82f3ee2f98a6912999b4eb51,1545,CANONICAL
system,formal_result,05_reports/backend_equivalence_v2/densekg_empty_gold_ranking_parity.csv,5bbd6e27e90f95d118d5e5419bbb4f88092b16efd0cae486962e62002dd3cf71,777,CANONICAL
system,formal_result,05_reports/backend_equivalence_v2/input_digest_parity_summary.csv,86218ae63b244a91fa7390100822a908374543a5c39f6f7bb31bd3df8f6e9cdf,688,CANONICAL
system,formal_result,05_reports/backend_equivalence_v2/manifest.json,bd58de049d93a602e92bd4b9f1eff7c97711d7b45f4ec560658c6be00360c610,7912,CANONICAL
system,formal_result,05_reports/backend_equivalence_v2/mismatches.csv,f97e69798e990afff0101a0e0eae0b6efade3de2ae1ca1b41f9178750b7b79f3,112,CANONICAL
system,formal_result,05_reports/backend_equivalence_v2/retrieval_metric_differences.csv,62d09b866be91c5da39f9ed3393e63e40fd2ff58c48c2941c3b3121e1a5f218c,5643,CANONICAL
system,formal_result,05_reports/backend_equivalence_v2/retrieval_metrics_by_backend.csv,ebccd985ef37c1c9d427582a01a75d09be24d4f8f04cde4978266681e9e980de,2578,CANONICAL
system,status,05_reports/backend_system_eval/STATUS.md,70ea2c4d4fa872e8daa1884f5bfbffb14f96deedac0edc99809071367c33bb95,758,NOT_CITATION_READY
retrieval,analysis,05_reports/candidate_stage_analysis_v1/CANDIDATE_STAGE_REPORT.md,37134a6ec9887716852b2e5c80dfeb811c1e31641d27834734cdd70efd42b0fa,1794,CANONICAL
retrieval,analysis,05_reports/candidate_stage_analysis_v1/candidate_stage_per_query.csv,fb33c92497898f97e35bdb1c8454a35804bbde44e1b524bb6036ce11258bd9f5,1048000,CANONICAL
retrieval,analysis,05_reports/candidate_stage_analysis_v1/candidate_stage_summary.csv,f881f835ab82ee7998e9a45e6704210a605aae95e4c2a569326172aaafe78c50,15598,CANONICAL
retrieval,analysis,05_reports/candidate_stage_analysis_v1/manifest.json,ab67dba1163147c7af6e2ebeda4aa392493d3749bc793d39a277e269b4aea3dd,1780,CANONICAL
retrieval,formal_result,05_reports/dense_global_kg_rerun/dense_global_kg_dev_grid.csv,2fa7a40c9ef55b893995eb7c4bf02ca16424177e924dd2a9bd36662cf28de1d6,2373,CANONICAL
retrieval,formal_result,05_reports/dense_global_kg_rerun/dense_global_kg_significance.csv,8416cdbb33a6b9f44a939959b71525bae47ae3bb2ac9d15e5fe3fab1262606fd,686,CANONICAL
retrieval,formal_result,05_reports/dense_global_kg_rerun/dense_global_kg_summary.csv,f1774c7842743a18fb2e5f5461da0f18208aa69aadf3859688a5f5b6a5479142,1015,CANONICAL
retrieval,formal_result,05_reports/dense_global_kg_rerun/dense_global_kg_test_top10.csv,cf11f72b925ef1a850565f65e97a836302e2e2c81e9cacb02b1927f40de130c4,1981324,CANONICAL
retrieval,formal_result,05_reports/dense_global_kg_rerun/dense_global_kg_top10.csv,cf11f72b925ef1a850565f65e97a836302e2e2c81e9cacb02b1927f40de130c4,1981324,CANONICAL
retrieval,formal_result,05_reports/dense_global_kg_rerun/evidence_empty_queries.csv,74dbc70433690752c1739039b59398e2406e0baf501b90acc809566b142c1382,251,CANONICAL
retrieval,formal_result,05_reports/dense_global_kg_rerun/manifest.json,3b152f3b26d9b5a40d4877d715ccb5f508a6a4d5cb29932e0cf401d9f1263156,2813,CANONICAL
reader,preflight,05_reports/dense_global_kg_rerun/reader_preflight/preflight_audit.json,e7b194077de985627b4e298a33c7c5765212551a58b9fd86cd2f5ce22b418d75,502,CANONICAL
analysis,formal_result,05_reports/error_analysis_v1/ERROR_ANALYSIS_REPORT.md,476ae05f74b4b2b2c4a643d9c8c5460b878dd022ac997ef31e02d07a217987c8,1637,CANONICAL
analysis,formal_result,05_reports/error_analysis_v1/MANUAL_REVIEW_REPORT.md,b50db386ca12fa03514e7a51e5dd8680490e140ff85c78fbe838b3c156ac6911,893,CANONICAL
analysis,formal_result,05_reports/error_analysis_v1/error_distribution.csv,59d15186fd2e5c1ac3d7fbbc3f20225741b2a8facf130d4b0d3f08bcce9806f1,3255,CANONICAL
analysis,formal_result,05_reports/error_analysis_v1/manifest.json,08faf01f05c6692b1f539cd420f68f5836db91eeac91aad2fbf8b115b735b4dd,2843,CANONICAL
analysis,formal_result,05_reports/error_analysis_v1/manual_review_sample_100.csv,9a690651e75e49934972b5b1fa6a4f9cc510698e205e6361cb1a192843e82665,209795,CANONICAL
analysis,formal_result,05_reports/error_analysis_v1/manual_review_sample_100_reviewed.csv,020d87dfa443c4eaba245da23228945a346e0bf1e377b27a6dc2066b9d8537a1,235658,CANONICAL
analysis,formal_result,05_reports/error_analysis_v1/manual_review_summary.csv,be708408582ef7c4917680a3472a4dcfd6b0e6d48a73da2be03e72b836063039,1315,CANONICAL
system,formal_result,05_reports/experiment11_online_freshness_v2/EXPERIMENT11_REPORT.md,892eef942360d46a7910149a9443dde14dba3bde6a99c9201ebff4cd4158239f,8289,CANONICAL
system,formal_result,05_reports/experiment11_online_freshness_v2/manifest.json,a2d7892a526aa3ad59465e784edb18c555ecb8b7215829fc320fb3a019c17675,1036,CANONICAL
system,formal_result,05_reports/experiment11_online_freshness_v2/sustainable_update_rate.csv,d016c4dd732340306a0388f974f5f05a729f73c1e5d76fb3c8be5cf9f406401b,521,CANONICAL
system,formal_result,05_reports/experiment11_online_freshness_v2/table11a_stage_latency.csv,50690ff43800c6aca36bc019222b3a20a792f5b76625514c715892310a573e2a,1662,CANONICAL
system,formal_result,05_reports/experiment11_online_freshness_v2/table11b_online_freshness.csv,f296bebe4cf9c7a4db29de680b5ed21f5cd8e62492ae9c8d7c34f2bb77f3c5f5,1984,CANONICAL
reader,formal_result,05_reports/llm_judge_gpt4o_mem0_protocol_v2_cat5_corrected/COMPLETE_STATUS.json,004da7180b7cc0d293db83ae2fd3848a3f52744474bb0bc0c3b2ee19e081254a,454,CANONICAL
reader,formal_result,05_reports/llm_judge_gpt4o_mem0_protocol_v2_cat5_corrected/PARTIAL_STATUS.json,503768fad954cd2dd66e3b07b2b0af828fb18b425f5f08890c4e9644176ef2fb,447,CANONICAL
reader,formal_result,05_reports/llm_judge_gpt4o_mem0_protocol_v2_cat5_corrected/failures.json,6eb997ea033e2c4b41c5cb50be2fac2d5ae13c45ad7182303c8c067552306d16,811107,CANONICAL
reader,formal_result,05_reports/llm_judge_gpt4o_mem0_protocol_v2_cat5_corrected/j_scores_by_method_setting_category.csv,632118db5b0a9b03720c570dc79ceb2acea477a7eb56caf5bf7a09cbd447dc70,6408,CANONICAL
reader,formal_result,05_reports/llm_judge_gpt4o_mem0_protocol_v2_cat5_corrected/j_scores_reader_main_wide.csv,b3a662bda375bad2514da6e3af37da58adcc659d30bf97ff2f383a3be1115411,1735,CANONICAL
reader,formal_result,05_reports/llm_judge_gpt4o_mem0_protocol_v2_cat5_corrected/protocol.json,d546edb508ac0cc3680abe0a02b8350c095bb0ecdfa7b94ea0cf4fca5d0bd682,2970,CANONICAL
reader,formal_result,05_reports/llm_judge_gpt4o_mem0_protocol_v2_cat5_corrected/run_manifest.json,dab93676c0a5f92b8adae2910db3c9edd6fbeca17c1fcc89b98781165e1ac785,751,CANONICAL
reader,formal_result,05_reports/locomo_gpt4o_prompt_protocol_corrected_densekg_v2/integrity_audit.json,b867df0a43e2ec5a1d9f863ddc1eab2d2a6947ec1a3733e535b7159bd2996d0a,1121,CANONICAL
reader,formal_result,05_reports/locomo_gpt4o_prompt_protocol_corrected_densekg_v2/launch_manifest.json,ced7f0eed8adfc52327b5e028195d79270fdf72cd6c252eb59b52de52a43443f,298,CANONICAL
reader,formal_result,05_reports/locomo_gpt4o_prompt_protocol_corrected_densekg_v2/reuse_summary.json,34b0f6163b518b0fde9e6196701cd110b556b82e8a9e2e575ab24adbac2d480f,638,CANONICAL
reader,formal_result,05_reports/locomo_gpt4o_prompt_protocol_corrected_densekg_v2/setting_a_unified/Dense+GlobalKG/preflight_audit.json,e7b194077de985627b4e298a33c7c5765212551a58b9fd86cd2f5ce22b418d75,502,CANONICAL
reader,formal_result,05_reports/locomo_gpt4o_prompt_protocol_corrected_densekg_v2/setting_a_unified/Dense+GlobalKG/prompt_reuse_audit.csv,26a71ab81e752d23fa8b8298ab132ce31e8ffae70bf0be8c89fa1cf96bce383c,594479,CANONICAL
reader,formal_result,05_reports/locomo_gpt4o_prompt_protocol_corrected_densekg_v2/setting_a_unified/Dense+GlobalKG/prompt_samples.jsonl,91d939a66cf1692f9b1e012f143850f59cea0f0a22a3ce111709d6df9bc62928,53217,CANONICAL
reader,formal_result,05_reports/locomo_gpt4o_prompt_protocol_corrected_densekg_v2/setting_a_unified/Dense+GlobalKG/reader_predictions.jsonl,043b52dcda9133ca3fe2407266e9c5232912a82823753a6987dc0d51e1f7a99e,2572154,CANONICAL
reader,formal_result,05_reports/locomo_gpt4o_prompt_protocol_corrected_densekg_v2/setting_a_unified/Dense+GlobalKG/reuse_manifest.json,8f0bf7871f532bbacf2159301590ada451d660fe77f94cac7959100aae8544ba,286,CANONICAL
reader,formal_result,05_reports/locomo_gpt4o_prompt_protocol_corrected_densekg_v2/setting_a_unified/Dense+GlobalKG/run_manifest.json,929427efc2fb4c454e568787bb4e6235f4fb31cb5ecb9e32c91ab15960974316,254,CANONICAL
reader,formal_result,05_reports/locomo_gpt4o_prompt_protocol_corrected_densekg_v2/setting_b_category/Dense+GlobalKG/preflight_audit.json,e7b194077de985627b4e298a33c7c5765212551a58b9fd86cd2f5ce22b418d75,502,CANONICAL
reader,formal_result,05_reports/locomo_gpt4o_prompt_protocol_corrected_densekg_v2/setting_b_category/Dense+GlobalKG/prompt_reuse_audit.csv,ac2ebad28654c746004d9614859e7024e2b6dfbc8d7118b014672c98401ee926,596465,CANONICAL
reader,formal_result,05_reports/locomo_gpt4o_prompt_protocol_corrected_densekg_v2/setting_b_category/Dense+GlobalKG/prompt_samples.jsonl,fcd344c8680516d00af92e719796ab91548b7b0bdd533c5fb34760557b0f6b2e,53613,CANONICAL
reader,formal_result,05_reports/locomo_gpt4o_prompt_protocol_corrected_densekg_v2/setting_b_category/Dense+GlobalKG/reader_predictions.jsonl,a0a2e9bc0e92f347daf76ac6bd32aa83468a5bd534c5645bd4a9c636d6fd5bca,2559540,CANONICAL
reader,formal_result,05_reports/locomo_gpt4o_prompt_protocol_corrected_densekg_v2/setting_b_category/Dense+GlobalKG/reuse_manifest.json,ba0dc098bd488473f5ab1ede57d604f6f88887617b4b0b305640747c6cbf6383,287,CANONICAL
reader,formal_result,05_reports/locomo_gpt4o_prompt_protocol_corrected_densekg_v2/setting_b_category/Dense+GlobalKG/run_manifest.json,954b2babf9d5dfa3388e5d09abd4024304f4f1b11fff37c05c664e70c6b8f71a,255,CANONICAL
system,formal_result,05_reports/locomo_workload_graph_v2_100k/GRAPH_AWARE_SYSTEM_RESULTS_V2.md,60a9f3cc51e5ab7b364e827161c6eda3e835fbb257951a50cab680df28297ac5,5956,CANONICAL
system,formal_result,05_reports/locomo_workload_graph_v2_100k/TABLE7_BACKEND_SERVING_PERFORMANCE.md,4d9558639d36a8be1751d626052b3ef10b1c4d760d2008280fffebb095a692fc,6319,CANONICAL
system,formal_result,05_reports/locomo_workload_graph_v2_100k/graph_100k_load_gate_summary.json,0e695f04f55c51f8231f516802124233fe393e740c00f67692a1bed1d3e1581a,2882,CANONICAL
system,formal_result,05_reports/locomo_workload_graph_v2_100k/graph_digest_diffs.csv,6b6a42f67d4de3aac7059c2273b53210588c98470f224e10fb5b924b8f6fd0dc,34,CANONICAL
system,formal_result,05_reports/locomo_workload_graph_v2_100k/main_95_5_v2/main_95_5_publication_table.csv,0e20a5b4b87806801058a21c42b249ce8bba962692142c1eac5c8f796021695f,1312,CANONICAL
system,formal_result,05_reports/locomo_workload_graph_v2_100k/main_95_5_v2/main_95_5_runs.csv,4b38e5a9805826460979574feb12a5fbbcdfa67bb0fca392af866d24697693dd,21710,CANONICAL
system,formal_result,05_reports/locomo_workload_graph_v2_100k/main_95_5_v2/main_95_5_summary.csv,ff47b195ba3d1504c63c283944b26373d7a67d552781aa2211fcd164c38755af,11191,CANONICAL
system,formal_result,05_reports/locomo_workload_graph_v2_100k/main_95_5_v2/manifest.json,cb1103d27adebd6991a7be0d5c0679d975f0bb410d82188f4c9eb22e5636586b,670,CANONICAL
system,formal_result,05_reports/locomo_workload_graph_v2_100k/query_types_v2/manifest.json,3175ad7459b05910309e75d0647afe679b3b3b2a0c0f22bd64761dd8f3b57de2,692,CANONICAL
system,formal_result,05_reports/locomo_workload_graph_v2_100k/query_types_v2/query_type_publication_table.csv,3634fbaed9b9da10bb3ae0744f37aae371a19e8ae28d018c942a0eefac267a9f,1176,CANONICAL
system,formal_result,05_reports/locomo_workload_graph_v2_100k/query_types_v2/query_type_runs.csv,1814b5f8d32cf0ec4811be13339c75d9eb238366796271c0efe003e5510b4167,10982,CANONICAL
system,formal_result,05_reports/locomo_workload_graph_v2_100k/query_types_v2/query_type_summary.csv,67c42f75939fe56f21a1659cd9147e1647bd1a755989e94b8287c34e0b691746,4210,CANONICAL
system,formal_result,05_reports/locomo_workload_graph_v2_100k/recovery_v2/RECOVERY_V2_REPORT.md,0b390b2414e962bab5e6a6e64fa9bdb9baedf7ee41c2ce96de4c97583957af73,1596,CANONICAL
system,formal_result,05_reports/locomo_workload_graph_v2_100k/recovery_v2/manifest.json,da1560cb700a7194fa660ad4725f5fd238dc6dccfa09092d856fd2de178be57c,722,CANONICAL
system,formal_result,05_reports/locomo_workload_graph_v2_100k/recovery_v2/post_recovery_top10_mismatches.csv,7584b1a2550a7d38468854b872e907f799b05ed6080803e73a6521d9f1e67479,56,CANONICAL
system,formal_result,05_reports/locomo_workload_graph_v2_100k/recovery_v2/recovery_publication_table.csv,312b0f001e11a53c445e783bc47f8a32531fea5e6fe0d83850aef7bb88ee6cb3,1094,CANONICAL
system,formal_result,05_reports/locomo_workload_graph_v2_100k/recovery_v2/recovery_runs.csv,185841f514a3f1263addca89f6789b568f0c155429c36172695d10c2eabf69df,5167,CANONICAL
system,formal_result,05_reports/locomo_workload_graph_v2_100k/relation_candidate_diffs.csv,f3b48b54b173e5ab4fc18ead8b3c03246ca9951216b2652122625506238bcf7e,50,CANONICAL
system,formal_result,05_reports/locomo_workload_graph_v2_100k/stage_sidecar/cassandra-base_c16_r0_summary.json,8b44fc89fab845fd3c92dbbf00808954e0e737d45088b756adfaf99d57cb1e1a,217,CANONICAL
system,formal_result,05_reports/locomo_workload_graph_v2_100k/stage_sidecar/cassandra-base_c16_r0_updates.csv,a0a57bb7cf6a8e5f4defb7752ecde6e9ecf916f9a1862026780f3b05cf74a4db,52152,CANONICAL
system,formal_result,05_reports/locomo_workload_graph_v2_100k/stage_sidecar/cassandra-base_c16_r1_summary.json,888a105776e814a438f8c674cea1eb3dad2d25c433f7a79c2f859d8aac0f2db0,219,CANONICAL
system,formal_result,05_reports/locomo_workload_graph_v2_100k/stage_sidecar/cassandra-base_c16_r1_updates.csv,87400481d02d8579d323686516b3fb63df39f6ce29dff535626d9bebd964358b,52388,CANONICAL
system,formal_result,05_reports/locomo_workload_graph_v2_100k/stage_sidecar/cassandra-base_c16_r2_summary.json,8fceaa2f6a0aee833ad993bc81a7630351e97504d4848742c70074359ab9fac0,219,CANONICAL
system,formal_result,05_reports/locomo_workload_graph_v2_100k/stage_sidecar/cassandra-base_c16_r2_updates.csv,3d720e0a7f86882182d22b71e2a3de4fe19f89dbc8e27bc922714209a03f705a,52327,CANONICAL
system,formal_result,05_reports/locomo_workload_graph_v2_100k/stage_sidecar/cassandra-base_c1_r0_summary.json,3d371a43d50115affee0231fe788e5cc67c113758200f1d2c1a2b1e65909adc7,216,CANONICAL
system,formal_result,05_reports/locomo_workload_graph_v2_100k/stage_sidecar/cassandra-base_c1_r0_updates.csv,5743a778d8f468fd1b2f612e0e1f3539fdaf342909ea63d02b38a4c4f397beca,50935,CANONICAL
system,formal_result,05_reports/locomo_workload_graph_v2_100k/stage_sidecar/cassandra-base_c1_r1_summary.json,52c13e09e85f1f4388d7f18e06fcbb10c5ceb76f873dd7542079eea47b4f331c,218,CANONICAL
system,formal_result,05_reports/locomo_workload_graph_v2_100k/stage_sidecar/cassandra-base_c1_r1_updates.csv,4ed82f7a77c861575303fe4e9233b4e93b19ae5aa2af4a8941d09cc8a5a654a8,51105,CANONICAL
system,formal_result,05_reports/locomo_workload_graph_v2_100k/stage_sidecar/cassandra-base_c1_r2_summary.json,ca00ab38902f7d6a7a0d35e3384c8a6c4c19b1a4c9cc40b5ae1667e691baf3ce,218,CANONICAL
system,formal_result,05_reports/locomo_workload_graph_v2_100k/stage_sidecar/cassandra-base_c1_r2_updates.csv,82f2b67667f856e1be0e1694bd7ee751f2ba2578ebb5a54f232fbd20c6acfbfd,51013,CANONICAL
system,formal_result,05_reports/locomo_workload_graph_v2_100k/stage_sidecar/cassandra-base_c32_r0_summary.json,be490c61eed9b4bfdb64a2625a15168c80f2886241e58918394db1f6c6800ae3,217,CANONICAL
system,formal_result,05_reports/locomo_workload_graph_v2_100k/stage_sidecar/cassandra-base_c32_r0_updates.csv,f58ce76524b2050f036877637f72fa3b6104957c49363e0666fb00f4c4f0c84f,52991,CANONICAL
system,formal_result,05_reports/locomo_workload_graph_v2_100k/stage_sidecar/cassandra-base_c32_r1_summary.json,ad8bfe0e5ece636ef43efd7085762d781bc521fe77e376a6f6128537aee7f371,219,CANONICAL
system,formal_result,05_reports/locomo_workload_graph_v2_100k/stage_sidecar/cassandra-base_c32_r1_updates.csv,8dbb73d97c94573208836751c39857152579a3b9d492f47ff767ff012fd1c49c,53053,CANONICAL
system,formal_result,05_reports/locomo_workload_graph_v2_100k/stage_sidecar/cassandra-base_c32_r2_summary.json,2bceae65956b4de5a31e64dfb6a587a521f5b776f4081e8bd6fb39a5322ac924,219,CANONICAL
system,formal_result,05_reports/locomo_workload_graph_v2_100k/stage_sidecar/cassandra-base_c32_r2_updates.csv,e8940eb55c1c497d96292a3adea8f3ccde7e104768c912e33d04e7bd91691e9d,53100,CANONICAL
system,formal_result,05_reports/locomo_workload_graph_v2_100k/stage_sidecar/cassandra-base_c64_r0_summary.json,867b2515bca967a4490ec8bbcc5f727b727a6e20e6d8e6cede16e681ed9ff84a,217,CANONICAL
system,formal_result,05_reports/locomo_workload_graph_v2_100k/stage_sidecar/cassandra-base_c64_r0_updates.csv,d34ba458a8ab102c8bca7388b8454983377a8883bce35f128f9c90670294ec6a,53568,CANONICAL
system,formal_result,05_reports/locomo_workload_graph_v2_100k/stage_sidecar/cassandra-base_c64_r1_summary.json,5e0581df84760562e7669996f9ab5379d0b571308a00a5ba65de1943e5006717,219,CANONICAL
system,formal_result,05_reports/locomo_workload_graph_v2_100k/stage_sidecar/cassandra-base_c64_r1_updates.csv,29108e1034b4b94abf7e89c83bb3312ca4069b6866b3c70c62e1760849356e5d,53739,CANONICAL
system,formal_result,05_reports/locomo_workload_graph_v2_100k/stage_sidecar/cassandra-base_c64_r2_summary.json,dbcfa97ac974cbda5b93e86163e59a21e36552ff0d620d3ecee1094ea206e98b,219,CANONICAL
system,formal_result,05_reports/locomo_workload_graph_v2_100k/stage_sidecar/cassandra-base_c64_r2_updates.csv,4d8ec7ebf29603d263b2b84ac3d68a05648b85ec42c9e7382ed990037c7e2cc2,54790,CANONICAL
system,formal_result,05_reports/locomo_workload_graph_v2_100k/stage_sidecar/cassandra-base_c8_r0_summary.json,c8937f71e4645bced274da87813a96ea38ed78c768a2b07dcda08bbbd1b193b4,216,CANONICAL
system,formal_result,05_reports/locomo_workload_graph_v2_100k/stage_sidecar/cassandra-base_c8_r0_updates.csv,f30c03d8a5f98de092abb02596d567a3882b902658e08840b56a4f164a0561fb,51400,CANONICAL
system,formal_result,05_reports/locomo_workload_graph_v2_100k/stage_sidecar/cassandra-base_c8_r1_summary.json,b832e34936d7e614dc24f1c8597eab139492a1ca6e9ff08fa1e8c2753a1490e6,218,CANONICAL
system,formal_result,05_reports/locomo_workload_graph_v2_100k/stage_sidecar/cassandra-base_c8_r1_updates.csv,db2b65107b8729da8ce3a13425cf5a62ed0d55a191bd5cad0e6c070c6ba0a590,51647,CANONICAL
system,formal_result,05_reports/locomo_workload_graph_v2_100k/stage_sidecar/cassandra-base_c8_r2_summary.json,67db23b285613ca061f9f847a2c58c7ce23c3e0039ef1483854c7c3dec4ab5c1,218,CANONICAL
system,formal_result,05_reports/locomo_workload_graph_v2_100k/stage_sidecar/cassandra-base_c8_r2_updates.csv,9e293e6c27c5a9f93ae70d2fc7cad5eefab889dbea2f0035308a8ae288bd9a77,51692,CANONICAL
system,formal_result,05_reports/locomo_workload_graph_v2_100k/stage_sidecar/cassandra-materialized_c16_r0_summary.json,7a7b15d4b6f1d03db51346b7fa04a99d26d1c3c12da77633a6f82276b7d7c5d9,225,CANONICAL
system,formal_result,05_reports/locomo_workload_graph_v2_100k/stage_sidecar/cassandra-materialized_c16_r0_updates.csv,1c94f833e0476dd0c360fd67b6842a551833187047d180c26f33d553b2aabce3,54031,CANONICAL
system,formal_result,05_reports/locomo_workload_graph_v2_100k/stage_sidecar/cassandra-materialized_c16_r1_summary.json,26e883e3ce8ff36f6eec5137015b912f14f79d49f5f6114fe67c2ccb7e184e4f,227,CANONICAL
system,formal_result,05_reports/locomo_workload_graph_v2_100k/stage_sidecar/cassandra-materialized_c16_r1_updates.csv,b4bf80adc98310efe77e07d46954a61e507bcbbdf92f3f330a9ab080cca526fa,54316,CANONICAL
system,formal_result,05_reports/locomo_workload_graph_v2_100k/stage_sidecar/cassandra-materialized_c16_r2_summary.json,2ad7ce86385e0e61d7d6da809011f809382306bd050388b87d796a0bc568647f,227,CANONICAL
system,formal_result,05_reports/locomo_workload_graph_v2_100k/stage_sidecar/cassandra-materialized_c16_r2_updates.csv,af31770f8b43336bbc8d7efcde83ab9d43cf362d4ac09c29838c9eac4ed2fd98,54330,CANONICAL
system,formal_result,05_reports/locomo_workload_graph_v2_100k/stage_sidecar/cassandra-materialized_c1_r0_summary.json,50ed16771c80f79777702d3fc0a6a91c221cc611b239768701cec8ca7cc94816,224,CANONICAL
system,formal_result,05_reports/locomo_workload_graph_v2_100k/stage_sidecar/cassandra-materialized_c1_r0_updates.csv,b91ae02cb6566dbfeeef671c72b4bdac6dbb588b0a7065b6b90fc19ec5ca9114,52829,CANONICAL
system,formal_result,05_reports/locomo_workload_graph_v2_100k/stage_sidecar/cassandra-materialized_c1_r1_summary.json,6735059efa053a26d5edcc436692ed60bfe4dfacb1ff4aa972a5df74752be9ce,226,CANONICAL
system,formal_result,05_reports/locomo_workload_graph_v2_100k/stage_sidecar/cassandra-materialized_c1_r1_updates.csv,b5fbecf42aac7bf230920f8f255fa7c70a3c5561ce1da987fcff2662f2f7eb4d,53077,CANONICAL
system,formal_result,05_reports/locomo_workload_graph_v2_100k/stage_sidecar/cassandra-materialized_c1_r2_summary.json,5786d9f435857bda11b83aa436fcfe4e90314b0a8a86d94e49dc8e777d4cd777,226,CANONICAL
system,formal_result,05_reports/locomo_workload_graph_v2_100k/stage_sidecar/cassandra-materialized_c1_r2_updates.csv,ad47e3cf5e8cf9bcf85bfc420598b77fa98aaafaf2aafb71c3b1e6eea69ecc71,53094,CANONICAL
system,formal_result,05_reports/locomo_workload_graph_v2_100k/stage_sidecar/cassandra-materialized_c32_r0_summary.json,9e0b8736c2276bde43d2ce5c6919e2bb7f94bfbba3e7dad57f4dde078e6d6e93,225,CANONICAL
system,formal_result,05_reports/locomo_workload_graph_v2_100k/stage_sidecar/cassandra-materialized_c32_r0_updates.csv,91f8c2babd9b523c63dd2d877457d4ab52b24e2b8fdd1965547f03eb1ce31777,54881,CANONICAL
system,formal_result,05_reports/locomo_workload_graph_v2_100k/stage_sidecar/cassandra-materialized_c32_r1_summary.json,03bcee251eee278d3d1a22c191bb79a5cc8f489a2a06ad511e0a68e13af6aa83,227,CANONICAL
system,formal_result,05_reports/locomo_workload_graph_v2_100k/stage_sidecar/cassandra-materialized_c32_r1_updates.csv,7ce2691ce0476ee098949fb4f4b6c9f0ad5f6db8d875fd1911e568e7d38b7386,54949,CANONICAL
system,formal_result,05_reports/locomo_workload_graph_v2_100k/stage_sidecar/cassandra-materialized_c32_r2_summary.json,ed8b68e646f5e0566bae5e6595caf0625cc781d799262293583c21a2da89c354,227,CANONICAL
system,formal_result,05_reports/locomo_workload_graph_v2_100k/stage_sidecar/cassandra-materialized_c32_r2_updates.csv,a39d1aad6225e3cac5f13a6d15f40e7798ef38c88d52a7c7d2b901d4f39b6887,54967,CANONICAL
system,formal_result,05_reports/locomo_workload_graph_v2_100k/stage_sidecar/cassandra-materialized_c64_r0_summary.json,f3662f42412e0096d814c76ad8d855110d91ec8ffd8eca9323f3a4ea3bcc0d21,225,CANONICAL
system,formal_result,05_reports/locomo_workload_graph_v2_100k/stage_sidecar/cassandra-materialized_c64_r0_updates.csv,e2b0636af69f8531c9c5b5670f0443add41961bb73f731963f7aafd08a882885,55475,CANONICAL
system,formal_result,05_reports/locomo_workload_graph_v2_100k/stage_sidecar/cassandra-materialized_c64_r1_summary.json,fc55c4683d10ebcf6bf5ef882b764f16b28676039b5f7b7972e2fbb2ceb7ecbf,227,CANONICAL
system,formal_result,05_reports/locomo_workload_graph_v2_100k/stage_sidecar/cassandra-materialized_c64_r1_updates.csv,740fc549e2d3f4d24a46e8b7af81ce43e983cd622870a954a02c9fc8b3ea77e9,55692,CANONICAL
system,formal_result,05_reports/locomo_workload_graph_v2_100k/stage_sidecar/cassandra-materialized_c64_r2_summary.json,6b5cbd5e9761eda989b7979ae37a5f5f4e6d2ab09d2f1943e5412f5e63fc0ac0,227,CANONICAL
system,formal_result,05_reports/locomo_workload_graph_v2_100k/stage_sidecar/cassandra-materialized_c64_r2_updates.csv,023ceac2beb5a36422f0f126a91dd55da04f29e7da0108019a06c16ace990781,56706,CANONICAL
system,formal_result,05_reports/locomo_workload_graph_v2_100k/stage_sidecar/cassandra-materialized_c8_r0_summary.json,7797a77d0f613ce6e5069afd286b0019f44ee13c910ccb0addf1762f4eb0b5ca,224,CANONICAL
system,formal_result,05_reports/locomo_workload_graph_v2_100k/stage_sidecar/cassandra-materialized_c8_r0_updates.csv,4c8f6e74108be378b6775ec32fb6cdb39d103b8dfc003c151b7052c449bd725a,53330,CANONICAL
system,formal_result,05_reports/locomo_workload_graph_v2_100k/stage_sidecar/cassandra-materialized_c8_r1_summary.json,2d66a783170c01fc893807d5b276477fc45c33897cbf57bd56095ca8d3bd086d,226,CANONICAL
system,formal_result,05_reports/locomo_workload_graph_v2_100k/stage_sidecar/cassandra-materialized_c8_r1_updates.csv,441e2e2844dc1abde6a004a73d1d8bd1f51327fbc4130720c040c1d70689699f,53582,CANONICAL
system,formal_result,05_reports/locomo_workload_graph_v2_100k/stage_sidecar/cassandra-materialized_c8_r2_summary.json,8dd4b8e889715906c8729f2436edf2fd3fdae64acae8ce3323cbbb319291cc50,226,CANONICAL
system,formal_result,05_reports/locomo_workload_graph_v2_100k/stage_sidecar/cassandra-materialized_c8_r2_updates.csv,57096e4e65ab24879a5a1bb34a754ebb22e7eed999660a5b3dcec73103e27763,53613,CANONICAL
system,formal_result,05_reports/locomo_workload_graph_v2_100k/stage_sidecar/neo4j-materialized_c16_r0_summary.json,03f0ac080b8d90f9974a9a896672cdf631da641cc8ff22c6bc7119db36122d39,221,CANONICAL
system,formal_result,05_reports/locomo_workload_graph_v2_100k/stage_sidecar/neo4j-materialized_c16_r0_updates.csv,4f8c81c9f7ca16c3ccc94a25502b090ee63f20bcc4476cdb34a27872a0f10ad6,52947,CANONICAL
system,formal_result,05_reports/locomo_workload_graph_v2_100k/stage_sidecar/neo4j-materialized_c16_r1_summary.json,fcaacd5e0144f8fa61ff1cceb652ae8c67e30ecdd23be9576085aa33465840f9,223,CANONICAL
system,formal_result,05_reports/locomo_workload_graph_v2_100k/stage_sidecar/neo4j-materialized_c16_r1_updates.csv,6d9deb24d81bd0d89e4a80b3f561864bc99396dc91e85800d95b85a6d5bb4188,53099,CANONICAL
system,formal_result,05_reports/locomo_workload_graph_v2_100k/stage_sidecar/neo4j-materialized_c16_r2_summary.json,89676e1ac5318457a4cb6db77cb01a1bc5fcd45ac248ac4ccbf38be6a242d6b7,223,CANONICAL
system,formal_result,05_reports/locomo_workload_graph_v2_100k/stage_sidecar/neo4j-materialized_c16_r2_updates.csv,f858f3e4040dd7bfc5e974129511b85eb3515c4ba8f0958a79c34c13b1919bd8,53098,CANONICAL
system,formal_result,05_reports/locomo_workload_graph_v2_100k/stage_sidecar/neo4j-materialized_c1_r0_summary.json,2378c84d2f91b0140f7086684d246fc01649dad37d8781cc77ea5c89093c3c7a,220,CANONICAL
system,formal_result,05_reports/locomo_workload_graph_v2_100k/stage_sidecar/neo4j-materialized_c1_r0_updates.csv,f42aedde2159c6f081b857e5d7c6d101dd18f812b5a8cdb34c34c29ff184044f,51825,CANONICAL
system,formal_result,05_reports/locomo_workload_graph_v2_100k/stage_sidecar/neo4j-materialized_c1_r1_summary.json,7432d2ce5063da3419640edaf231989465b95d929697b8d177e8d3f8a0281fd5,222,CANONICAL
system,formal_result,05_reports/locomo_workload_graph_v2_100k/stage_sidecar/neo4j-materialized_c1_r1_updates.csv,93b856f47368d69477a2ce7325db5c47298e6acc3d4b52c522801a28796aea7f,51989,CANONICAL
system,formal_result,05_reports/locomo_workload_graph_v2_100k/stage_sidecar/neo4j-materialized_c1_r2_summary.json,1f934dd61f927dc2fb2cec74e4b5b80d93ed3179670d3263abef19aa431e6c2d,222,CANONICAL
system,formal_result,05_reports/locomo_workload_graph_v2_100k/stage_sidecar/neo4j-materialized_c1_r2_updates.csv,d20e9de0b911ef3e975669425be2f93a3ae45ac35d4418ae6c8ee5724f917d7c,52140,CANONICAL
system,formal_result,05_reports/locomo_workload_graph_v2_100k/stage_sidecar/neo4j-materialized_c32_r0_summary.json,4975c2e983ce72c07daa1fb369b003b322b125d2d0cfc303e1b614b72348d29b,221,CANONICAL
system,formal_result,05_reports/locomo_workload_graph_v2_100k/stage_sidecar/neo4j-materialized_c32_r0_updates.csv,b26bfbf73bc1c68aaad739efda87df2062d110fa78a0883608d0cbae059e5433,53439,CANONICAL
system,formal_result,05_reports/locomo_workload_graph_v2_100k/stage_sidecar/neo4j-materialized_c32_r1_summary.json,71fbc96036ee8ed699bcbbdbd035af5ac52710e6663f82e84f6ee2830d6518ae,223,CANONICAL
system,formal_result,05_reports/locomo_workload_graph_v2_100k/stage_sidecar/neo4j-materialized_c32_r1_updates.csv,4a6ba4dd96e84548a2ceaf8d340b6df48eedea1733ee0c72979b5e6cc5f61a39,53667,CANONICAL
system,formal_result,05_reports/locomo_workload_graph_v2_100k/stage_sidecar/neo4j-materialized_c32_r2_summary.json,479a7d057e8eeff8afa6c5dbbedbf58d22e10e14cd075ebfa30c5ae0f81610c1,223,CANONICAL
system,formal_result,05_reports/locomo_workload_graph_v2_100k/stage_sidecar/neo4j-materialized_c32_r2_updates.csv,7a43e749950570d6cd74d0e95af80502bf18b64d74908220723fc09287c273df,54266,CANONICAL
system,formal_result,05_reports/locomo_workload_graph_v2_100k/stage_sidecar/neo4j-materialized_c64_r0_summary.json,778b848ae085d425c10ff33c1739ae8d4fbf054aba37f407d4aca4599328e866,221,CANONICAL
system,formal_result,05_reports/locomo_workload_graph_v2_100k/stage_sidecar/neo4j-materialized_c64_r0_updates.csv,c1be386a7cfbd492c191857d4a0d2655d941ebb2a5532e1b68e6e0bb381dc38c,53949,CANONICAL
system,formal_result,05_reports/locomo_workload_graph_v2_100k/stage_sidecar/neo4j-materialized_c64_r1_summary.json,b0d14e7a3f30058ba9b0092182eb434a0205646936962b5d2330bf09841956be,223,CANONICAL
system,formal_result,05_reports/locomo_workload_graph_v2_100k/stage_sidecar/neo4j-materialized_c64_r1_updates.csv,a4d05e6cf746e12a0985f4889a789885ce90d6b2417848a622688b51cb5b09c5,54206,CANONICAL
system,formal_result,05_reports/locomo_workload_graph_v2_100k/stage_sidecar/neo4j-materialized_c64_r2_summary.json,b9464f88d3b8ee9513696c56febc63eef0cf65c597cd6ed6af81f083f7eb8e3c,223,CANONICAL
system,formal_result,05_reports/locomo_workload_graph_v2_100k/stage_sidecar/neo4j-materialized_c64_r2_updates.csv,47c0178f23c9558a0419371f2ae40869db090d7980c25d55c00a3cd50ec7e5d7,54625,CANONICAL
system,formal_result,05_reports/locomo_workload_graph_v2_100k/stage_sidecar/neo4j-materialized_c8_r0_summary.json,af0aefb55ca4b2a7a77dafb69fce162baf5e970252c3c29422c2d59b53db1173,220,CANONICAL
system,formal_result,05_reports/locomo_workload_graph_v2_100k/stage_sidecar/neo4j-materialized_c8_r0_updates.csv,8c97d582f00522080e5905b1fbf87452ec92725800fcd4ca5b9021d10b50cbad,52559,CANONICAL
system,formal_result,05_reports/locomo_workload_graph_v2_100k/stage_sidecar/neo4j-materialized_c8_r1_summary.json,d4b2484b77a43740c7c786bbd24501de2a08c70e56bbb659629735d3749ba746,222,CANONICAL
system,formal_result,05_reports/locomo_workload_graph_v2_100k/stage_sidecar/neo4j-materialized_c8_r1_updates.csv,8c400a4862e7db620a19069f2b3b18c1e3cac5606f0de8a60f946b6529f09dd3,52765,CANONICAL
system,formal_result,05_reports/locomo_workload_graph_v2_100k/stage_sidecar/neo4j-materialized_c8_r2_summary.json,3e9a526a8b0b543516bf4ae81213f9aaf442175842c776510d7484515f0b6d3b,222,CANONICAL
system,formal_result,05_reports/locomo_workload_graph_v2_100k/stage_sidecar/neo4j-materialized_c8_r2_updates.csv,bceb78e9f17c572bafa172d6ee9ef8ebf57cbbb3513475b019d0f4ee4a30168f,52800,CANONICAL
system,formal_result,05_reports/locomo_workload_graph_v2_100k/stage_sidecar/neo4j-native_c16_r0_summary.json,3cd14d03261425a5e32bf1c4404597a41642f744d0665d1be7c46b00d937e2fd,215,CANONICAL
system,formal_result,05_reports/locomo_workload_graph_v2_100k/stage_sidecar/neo4j-native_c16_r0_updates.csv,d972efa90048a484312090cc029407dcde656e5e58ba0f4b43662d9544832b90,51428,CANONICAL
system,formal_result,05_reports/locomo_workload_graph_v2_100k/stage_sidecar/neo4j-native_c16_r1_summary.json,3193672ee6a5a96459f0fb757c5bf4b61e0221bf5f7bcbc1de91f4263bf407ba,217,CANONICAL
system,formal_result,05_reports/locomo_workload_graph_v2_100k/stage_sidecar/neo4j-native_c16_r1_updates.csv,bc165f546170dd5d119cc22049fc41ee3c6a5d3d44be7afadbf6161919ccfe62,51599,CANONICAL
system,formal_result,05_reports/locomo_workload_graph_v2_100k/stage_sidecar/neo4j-native_c16_r2_summary.json,e450dbd3a2688f9d975650d0d62da9639844ff41fdb54583d6fc0773de1d41ac,217,CANONICAL
system,formal_result,05_reports/locomo_workload_graph_v2_100k/stage_sidecar/neo4j-native_c16_r2_updates.csv,c5899a888b967bf75109d80512b1eb7d85b3ad01814f2bba796c83691d83ae19,51630,CANONICAL
system,formal_result,05_reports/locomo_workload_graph_v2_100k/stage_sidecar/neo4j-native_c1_r0_summary.json,67efbf79a624844c7421c5b956f722bbd0a61215b5be8d9de1f19f9667dcee41,214,CANONICAL
system,formal_result,05_reports/locomo_workload_graph_v2_100k/stage_sidecar/neo4j-native_c1_r0_updates.csv,5e173abf955f7fd6ab4be3d490e0548fca0c98d34ac17783425d92126cd375de,50334,CANONICAL
system,formal_result,05_reports/locomo_workload_graph_v2_100k/stage_sidecar/neo4j-native_c1_r1_summary.json,7eea840c44cbe41a2618a658774c8cc6fa4b54f32be58438c19328424048ebe3,216,CANONICAL
system,formal_result,05_reports/locomo_workload_graph_v2_100k/stage_sidecar/neo4j-native_c1_r1_updates.csv,36a5f41a36b9b818cded398d16b3f49c7b79f840d31f91209c054a646af089cc,50493,CANONICAL
system,formal_result,05_reports/locomo_workload_graph_v2_100k/stage_sidecar/neo4j-native_c1_r2_summary.json,6e2501d428d5a927fefa0d359a4c0427855085b12870312f7f03601d133bf23c,216,CANONICAL
system,formal_result,05_reports/locomo_workload_graph_v2_100k/stage_sidecar/neo4j-native_c1_r2_updates.csv,3448b2fa3490be7e96d869894c2c4e51052b751a7819d2924c418802318fbec9,50588,CANONICAL
system,formal_result,05_reports/locomo_workload_graph_v2_100k/stage_sidecar/neo4j-native_c32_r0_summary.json,780c019a70ba7586b1df88bd797ed249825575fe2940e1eda18cb2664d2e6022,215,CANONICAL
system,formal_result,05_reports/locomo_workload_graph_v2_100k/stage_sidecar/neo4j-native_c32_r0_updates.csv,0253f8c45292233cc898b1164e120b67d6ce50a5b89bc7b59893e66a6e305391,52027,CANONICAL
system,formal_result,05_reports/locomo_workload_graph_v2_100k/stage_sidecar/neo4j-native_c32_r1_summary.json,a4359df754a07fd2a6a4558ed11ab3b2e6d68e9a45050c2bb9244aeaed9d4801,217,CANONICAL
system,formal_result,05_reports/locomo_workload_graph_v2_100k/stage_sidecar/neo4j-native_c32_r1_updates.csv,cee6f8613c55108ff8f666b45368a1618616b4a5888eda91a1113055eeee085e,52196,CANONICAL
system,formal_result,05_reports/locomo_workload_graph_v2_100k/stage_sidecar/neo4j-native_c32_r2_summary.json,28b2a1b38ad166dc2d3ea7e65bdc1f2f7e34d1a7ab9e7bf0f73e80cf4ca4e7a0,217,CANONICAL
system,formal_result,05_reports/locomo_workload_graph_v2_100k/stage_sidecar/neo4j-native_c32_r2_updates.csv,b5b1cbc300aebdd4c793ef8370a7e641b8a7b2036fdcb586f9ffcd85beb1ae3b,52236,CANONICAL
system,formal_result,05_reports/locomo_workload_graph_v2_100k/stage_sidecar/neo4j-native_c64_r0_summary.json,268d4c41bcf06c2bfa94591ddb6224871b70f98c24de154c5d84e34a31a455ea,215,CANONICAL
system,formal_result,05_reports/locomo_workload_graph_v2_100k/stage_sidecar/neo4j-native_c64_r0_updates.csv,76d1e791d33ff7c20b66ef0d6ce23f6b97546714f4d892e59ee1f95999ea414b,52517,CANONICAL
system,formal_result,05_reports/locomo_workload_graph_v2_100k/stage_sidecar/neo4j-native_c64_r1_summary.json,2417ab2ce2514fbb78c52062b89a84b458266566d78e070f547c474064723edd,217,CANONICAL
system,formal_result,05_reports/locomo_workload_graph_v2_100k/stage_sidecar/neo4j-native_c64_r1_updates.csv,3b206805839537b90ecd9d436de0353a82e643db2c0dbcb011c16cb71f255771,52703,CANONICAL
system,formal_result,05_reports/locomo_workload_graph_v2_100k/stage_sidecar/neo4j-native_c64_r2_summary.json,2ef961ac7df1107beade369b297b284b27022ce33819b3b06e58ffcfb6a2999f,217,CANONICAL
system,formal_result,05_reports/locomo_workload_graph_v2_100k/stage_sidecar/neo4j-native_c64_r2_updates.csv,9ec509f0432bc66f9996095fedb71fc57fc726dfba687ebafec803c15d2550c1,53270,CANONICAL
system,formal_result,05_reports/locomo_workload_graph_v2_100k/stage_sidecar/neo4j-native_c8_r0_summary.json,23f5668443e5f800c6a2df57806849d54cbd5f3aa7107b1e9d95044e97b833ee,214,CANONICAL
system,formal_result,05_reports/locomo_workload_graph_v2_100k/stage_sidecar/neo4j-native_c8_r0_updates.csv,25a0543ff14a51d0e7b5b5854d5641ec1d5c925c7ccbd7f07d27936720327737,51080,CANONICAL
system,formal_result,05_reports/locomo_workload_graph_v2_100k/stage_sidecar/neo4j-native_c8_r1_summary.json,41b95c0784cc250fdfa03128663858fe2ab9b504c0715a57d8c77c0067d96e6a,216,CANONICAL
system,formal_result,05_reports/locomo_workload_graph_v2_100k/stage_sidecar/neo4j-native_c8_r1_updates.csv,a8a110ff088abcfb540b6c9aa170ed697daceacb98b7d726c874388508d1f462,51234,CANONICAL
system,formal_result,05_reports/locomo_workload_graph_v2_100k/stage_sidecar/neo4j-native_c8_r2_summary.json,d6717138566b6250b2c9daed265c81f2ee8a0acc8d0eb9adc0f2b1c361b5b0c4,216,CANONICAL
system,formal_result,05_reports/locomo_workload_graph_v2_100k/stage_sidecar/neo4j-native_c8_r2_updates.csv,a34d88083f07608b3d328daa12aee2dae2c6c9db5221d9d72ae7d174312be9d8,51327,CANONICAL
system,formal_result,05_reports/locomo_workload_graph_v2_100k/storage_work_v2/TABLE9A_STORAGE_WORK.md,9ae9ae2e9d3d43fc45f19dfc875e39660eb9ccdd8e0b52cfb04762c4f4374f60,1315,CANONICAL
system,formal_result,05_reports/locomo_workload_graph_v2_100k/storage_work_v2/manifest.json,ac0bcb0f6e5ee480834756fc3804095624435ed88f40daf80e54f976cb70c824,881,CANONICAL
system,formal_result,05_reports/locomo_workload_graph_v2_100k/storage_work_v2/table9a_storage_work.csv,8eeada7c90fde7c1cee4810acb65d03aacdd7a8072a2f8a518c35da5b5d55f90,630,CANONICAL
system,formal_gate,05_reports/locomo_workload_graph_v2_canonical_gate/graph_canonical_gate_summary.json,9e6d60e88ab0f96d5214692e88a7404a76cdc5435256d735d9154f2e0d5b330b,2586,CANONICAL
system,formal_gate,05_reports/locomo_workload_graph_v2_canonical_gate/graph_digest_diffs.csv,6b6a42f67d4de3aac7059c2273b53210588c98470f224e10fb5b924b8f6fd0dc,34,CANONICAL
system,formal_gate,05_reports/locomo_workload_graph_v2_canonical_gate/graph_top10_parity_events.csv,5e78a4fcc8ebe38afcb84d3a1e70c5b400169341d9a021d3eb95849f4bc20584,330643,CANONICAL
system,formal_gate,05_reports/locomo_workload_graph_v2_canonical_gate/graph_top10_parity_summary.json,3d36b82ac6d1f071fd96ab1bcb0c33a4cf3bb649b985fbec247613522ccec4d9,429,CANONICAL
system,formal_gate,05_reports/locomo_workload_graph_v2_canonical_gate/relation_candidate_diffs.csv,f3b48b54b173e5ab4fc18ead8b3c03246ca9951216b2652122625506238bcf7e,50,CANONICAL
system,formal_gate,05_reports/locomo_workload_graph_v2_canonical_gate/smoke/graph_canonical_gate_summary.json,9d3794490b68548fed6ae5a38ca40fbee2c634c8211e04612245656edbddc792,2568,CANONICAL
system,formal_gate,05_reports/locomo_workload_graph_v2_canonical_gate/smoke/graph_digest_diffs.csv,6b6a42f67d4de3aac7059c2273b53210588c98470f224e10fb5b924b8f6fd0dc,34,CANONICAL
system,formal_gate,05_reports/locomo_workload_graph_v2_canonical_gate/smoke/relation_candidate_diffs.csv,f3b48b54b173e5ab4fc18ead8b3c03246ca9951216b2652122625506238bcf7e,50,CANONICAL
reader,formal_result,05_reports/official_eval/gpt4o_corrected_densekg_v2/bleu1_corrected_densekg_protocol.json,90e9d69f799d1c9e93c325a58337cb7849f6b14cc7afee343e7c07ca57b9dcfb,1222,CANONICAL
reader,formal_result,05_reports/official_eval/gpt4o_corrected_densekg_v2/bleu1_corrected_densekg_summary.csv,20590de70e0a2e0476b7e38948e200a052da9a88603f981d878b5835308f0460,588,CANONICAL
reader,formal_result,05_reports/official_eval/gpt4o_corrected_densekg_v2/setting_a_unified/evaluation_audit.json,377b5ee34c81474cfe2c3ef54ea1cd0a1d8f3b4a34b15280879160347b5ce1db,1804,CANONICAL
reader,formal_result,05_reports/official_eval/gpt4o_corrected_densekg_v2/setting_a_unified/per_query_scores.csv,c44a82efd2f9b647f2e2cb715a03edd50624c88979ffee1fae0130fcdf0b8196,361839,CANONICAL
reader,formal_result,05_reports/official_eval/gpt4o_corrected_densekg_v2/setting_a_unified/scores_by_category.csv,f0e0d1469d6a6c9e444a8f0bb548c9881153774fc3b425172067d018390b2487,589,CANONICAL
reader,formal_result,05_reports/official_eval/gpt4o_corrected_densekg_v2/setting_a_unified/scores_overall.csv,6c9c9dd44450a567753bd1152f1c93e4563ba2f72218faee7816ff3cfbd81923,541,CANONICAL
reader,formal_result,05_reports/official_eval/gpt4o_corrected_densekg_v2/setting_b_category/evaluation_audit.json,4f5fe9795814e921119c2e8938bf65398d0563487963868951d88f0869af41c4,1805,CANONICAL
reader,formal_result,05_reports/official_eval/gpt4o_corrected_densekg_v2/setting_b_category/per_query_scores.csv,084fb7c4c929194d1aad6ed46cbebddf79b9910dcce689448114afa4c20cd0a1,345318,CANONICAL
reader,formal_result,05_reports/official_eval/gpt4o_corrected_densekg_v2/setting_b_category/scores_by_category.csv,15899295a5cc36a9974de00ee7dd00d702bf8809ef2e4665ca14e41b78d1837b,588,CANONICAL
reader,formal_result,05_reports/official_eval/gpt4o_corrected_densekg_v2/setting_b_category/scores_overall.csv,4859021f36d85b385c26624f9d4b40b6c324dad74f5a68d29dd732fba1f9133e,537,CANONICAL
reader,formal_result,05_reports/official_eval/gpt4o_dual_setting_locomo_corrected_v3/bleu1_offline_summary.csv,8dea52cbc3bea672c46751219fb550f430c1338100749fef1acf6070caab6f4e,1166,CANONICAL
reader,formal_result,05_reports/official_eval/gpt4o_dual_setting_locomo_corrected_v3/bleu1_protocol.json,13839b342a581662c60c023303ddabe22dc7ec433dcf8fd82f6fff59d53dfbb7,1866,CANONICAL
reader,formal_result,05_reports/official_eval/gpt4o_dual_setting_locomo_corrected_v3/cat5_mapping_audit.csv,739a4de0336f27439ad533575eebcac6fa0c6abf44845d1bca1709b90704aef9,630052,CANONICAL
reader,formal_result,05_reports/official_eval/gpt4o_dual_setting_locomo_corrected_v3/dual_setting_main_table.csv,3c6ab21360fd164b6b13a78bcf3bb7404ef759342f16cfdc3856f0e75e83b101,1314,CANONICAL
reader,formal_result,05_reports/official_eval/gpt4o_dual_setting_locomo_corrected_v3/evaluation_audit.json,107a54e0d9ecf8d375ecda97acd2ad5f26b6a8b2d4b8fd4d868ba3bc78074fe5,437,CANONICAL
reader,formal_result,05_reports/official_eval/gpt4o_dual_setting_locomo_corrected_v3/reader_main_significance.csv,eae19bc4f9c297cf4707e673eaa386093d64f655e2adddb12d50dbb443c42fa2,1457,CANONICAL
reader,formal_result,05_reports/official_eval/gpt4o_dual_setting_locomo_corrected_v3/settingA_category_scores.csv,22cb3e7f364c78478cde3a0996f5b5dae249f63cc4008ec9e67075b090467abd,573,CANONICAL
reader,formal_result,05_reports/official_eval/gpt4o_dual_setting_locomo_corrected_v3/settingA_per_query_f1.csv,2639799b66e168e603ce6bd311c079a0d9e8a7d1a66a2c7d15cfc122c72294ff,2395109,CANONICAL
reader,formal_result,05_reports/official_eval/gpt4o_dual_setting_locomo_corrected_v3/settingA_scored_predictions.jsonl,9ad6c2d8434cdac19642047c5517755b095a3ee26fc9a78ccd9e142285017252,5750835,CANONICAL
reader,formal_result,05_reports/official_eval/gpt4o_dual_setting_locomo_corrected_v3/settingB_category_scores.csv,ec1871206df277431342ed283cbc9eb10a5edf16e552ce42f8933f8b28cd8060,572,CANONICAL
reader,formal_result,05_reports/official_eval/gpt4o_dual_setting_locomo_corrected_v3/settingB_per_query_f1.csv,ef1543684a5ddac48fff0b9f5214054792c921791772691e7f9b41dde6d8a8b1,2604061,CANONICAL
reader,formal_result,05_reports/official_eval/gpt4o_dual_setting_locomo_corrected_v3/settingB_scored_predictions.jsonl,6b96b14babf87638fdbc2d29dfb2462cedacb2e843dce5e27195b7624cbd0799,5959005,CANONICAL
retrieval,formal_result,05_reports/p1_compact_component_ablation/TABLE2_REPRESENTATION_ABLATION_ALIGNED.md,550e7c93998d620ecc9995b277d10058dd89688346a1ce3b5567ef7f737c3b4e,1710,CANONICAL
retrieval,formal_result,05_reports/p1_compact_component_ablation/p1c_bm25_by_category_cat1_4_1540.csv,c15d5979f92c93206f1126a9e1640d5d307e509c3bee764e0b40f00877fe0c76,3683,CANONICAL
retrieval,formal_result,05_reports/p1_compact_component_ablation/p1c_bm25_by_category_heldout1150.csv,9c0be765ca669869a498068800400e898aa7c57ebaaff876442f4dc50ba87b7f,3445,CANONICAL
retrieval,formal_result,05_reports/p1_compact_component_ablation/p1c_bm25_overall_cat1_4_1540.csv,7da6531da3327735fe0b868fe7f3500feb74f31a66ea9eca899219e988626977,816,CANONICAL
retrieval,formal_result,05_reports/p1_compact_component_ablation/p1c_bm25_overall_heldout1150.csv,387f6e1b6dd1aadcef7a2b0708e170d4faa205a488f47da9b3aaf422d3b1d1c7,824,CANONICAL
retrieval,formal_result,05_reports/p1_compact_component_ablation/p1c_bm25_rankings_cat1_4_1540.csv,e747aa4f2711bbab4e24dd1ed253ab267a92c936d722c60f32e2a634e89c2f54,11524600,CANONICAL
retrieval,formal_result,05_reports/p1_compact_component_ablation/p1c_bm25_rankings_heldout1150.csv,3f705a69114320b55b1882759a0f137fba48dc4371fc4f6a37666295902ce4fe,8597085,CANONICAL
retrieval,formal_result,05_reports/p1_compact_component_ablation/p1c_component_audit.md,be97e291fdc220f238293b70a727422062729ed53be6fa7abcac08b4bc5cdb47,372,CANONICAL
retrieval,formal_result,05_reports/p1_compact_component_ablation/p1c_factorial_effects.csv,e3fd80fe312c1fbfceb73810a4520480c3e0774ca3979c7f256a0c0e4ea47a16,414,CANONICAL
retrieval,formal_result,05_reports/p1_compact_component_ablation/p1c_heldout1146_alignment_manifest.json,992c60d2bcd6fbc1d229456d1b1d50d82167a348d8cd41a2bd141599ab6a938e,1415,CANONICAL
retrieval,formal_result,05_reports/p1_compact_component_ablation/p1c_input_schema_audit.csv,056d07333b80583b82a6f7a1b0f28583db50880f23b9e0aaeb1f7ebeca6db0b1,1223,CANONICAL
retrieval,formal_result,05_reports/p1_compact_component_ablation/p1c_input_schema_audit.json,f60cc8a2f58da519499ce3b3a10b6207d25c9280b24352b7cca8b9a1bd0c3a27,2117,CANONICAL
retrieval,formal_result,05_reports/p1_compact_component_ablation/p1c_leave_one_out_deltas.csv,85dd9c5386098f1a69d8626ee5201cc430d79234970457ff528bdc9cb6bade09,1209,CANONICAL
retrieval,formal_result,05_reports/p1_compact_component_ablation/p1c_paired_bootstrap.csv,86d3a3029b895dda8e8d8d4cccc838e33ad8a07c53c04957c58f1e1e6a370c49,1747,CANONICAL
retrieval,formal_result,05_reports/p1_compact_component_ablation/p1c_rawerk_parity_diff.csv,277017febd4c64e51e481e65c71d8544cac4393e8182c99de28482bf8ab82c57,103843,CANONICAL
retrieval,formal_result,05_reports/p1_compact_component_ablation/p1c_rawerk_parity_gate.csv,3e2cc78088b3ffaac5dded53bef6ff0c9d5a206b3553bec26c815e9cb4d429ce,465,CANONICAL
retrieval,formal_result,05_reports/p1_compact_component_ablation/p1c_representation_samples.md,f7470676ab613c76bdc101449730046eb79f1f8e32cbb4d15754f7417d48ed83,27559,CANONICAL
retrieval,formal_result,05_reports/p1_compact_component_ablation/p1c_representation_stats.csv,b1553d06e0c6868d1ed0b1ae4b4b45fac0c6835a8fd40374fcbd9cad96e28d3b,512,CANONICAL
retrieval,formal_result,05_reports/p1_compact_component_ablation/p1c_run_manifest.json,f0a83bef9c8cd1c7274fb8db528175a43652195bb18754e8a70c38a36f1723ae,4217,CANONICAL
retrieval,formal_result,05_reports/p1_compact_component_ablation/p1c_scope_audit.csv,f6193430f2b49b5b6a2630734209fbf9d6e7ad0dbcef199d5f947028eb23c57a,170,CANONICAL
retrieval,formal_result,05_reports/p1_compact_component_ablation/p1c_summary.md,4473e2a30a450474d5f30ed3a38e04cc05f86e311732fca3dc36b433c7f7afc3,1681,CANONICAL
retrieval,formal_result,05_reports/p1_compact_component_ablation/p1c_time_category_deltas.csv,c6339c2680e24f29f556cd02738963ad94a887db6da419d9646c55e61efe3f0b,1067,CANONICAL
retrieval,formal_result,05_reports/p1_compact_component_ablation/p1c_zscore_by_category_cat1_4_1540.csv,aa95f60d3b3bd342db16786feba8d66e593527a32b93f82f31ffe6b13480d2db,3637,CANONICAL
retrieval,formal_result,05_reports/p1_compact_component_ablation/p1c_zscore_by_category_heldout1146_aligned.csv,1e374d01d4d4a65a62a29c21079be284bd004d24847e347aae42a3e3eb8cdafb,5024,CANONICAL
retrieval,formal_result,05_reports/p1_compact_component_ablation/p1c_zscore_by_category_heldout1150.csv,2cd0d88ae856f3e6d3cb5f643f660c13c21483dc3654646e142600a32701bddc,3440,CANONICAL
retrieval,formal_result,05_reports/p1_compact_component_ablation/p1c_zscore_overall_cat1_4_1540.csv,253bb8e28b136afe9dc79dc81cc16427eeaf38214a5b1a0e741e63b42239eec8,812,CANONICAL
retrieval,formal_result,05_reports/p1_compact_component_ablation/p1c_zscore_overall_heldout1146_aligned.csv,48f5f09b41186980e98008d6547cf023fabc6c12cffe09a6ab3919638189254e,1182,CANONICAL
retrieval,formal_result,05_reports/p1_compact_component_ablation/p1c_zscore_overall_heldout1150.csv,be405f73c1999f5b5a96d58163afa990258fc627f5e2a998c0dcd31d75878176,812,CANONICAL
retrieval,formal_result,05_reports/p1_compact_component_ablation/p1c_zscore_per_query_heldout1146_aligned.csv,cd50da8a7085edefca15422ea8486935c72d86620a7c350222503f0771848814,708448,CANONICAL
retrieval,formal_result,05_reports/p1_compact_component_ablation/p1c_zscore_rankings_cat1_4_1540.csv,f8ab6380117a03fbd87b854b258b281df17ca14f31dfe98d8183123479fdd1ee,11915481,CANONICAL
retrieval,formal_result,05_reports/p1_compact_component_ablation/p1c_zscore_rankings_heldout1150.csv,5d96b982266f8aff7aef4c334560c09cf66c0a603a1c9984da425bd241f72b5e,8887949,CANONICAL
system,formal_result,05_reports/p5_1_retrieval_visibility_v3/formal_fixed_20260803/P5_1_V31_FORMAL_REPORT.md,b3556d96f1239930e9f8575038cc66dac8d23446c5e4938e3e13b465eaaac61a,3368,CANONICAL
system,formal_result,05_reports/p5_1_retrieval_visibility_v3/formal_fixed_20260803/environment_snapshot.json,3b4628e5c5f67d75def2d0b5282f72c6067e3c75a55dba34a91310a62d52795a,823,CANONICAL
system,formal_result,05_reports/p5_1_retrieval_visibility_v3/formal_fixed_20260803/p5_1_v31_cross_backend_effects.csv,3fc54ec01d1e4c09309d3c1fd9b2a257aaab3c7b436a73d85fc8d4e0f6f1b313,497,CANONICAL
system,formal_result,05_reports/p5_1_retrieval_visibility_v3/formal_fixed_20260803/p5_1_v31_main_table.csv,84dcfaf0d7f678940d3986285c67c2cbb47f2a6b5226729829ab706d7d393094,631,CANONICAL
system,formal_result,05_reports/p5_1_retrieval_visibility_v3/formal_fixed_20260803/p5v31_formal_fixed_20260803_manifest.json,c70b2550351f701e863c89dffb73d55ec7eb4caf269256360a9bbc324aedb25a,2459,CANONICAL
system,formal_result,05_reports/p5_1_retrieval_visibility_v3/formal_fixed_20260803/p5v31_formal_fixed_20260803_per_run.csv,977fa46163277995408e0fe9bbdb6e301e72f30b5fecd7425e812c9792849e2e,3550,CANONICAL
system,formal_result,05_reports/p5_1_retrieval_visibility_v3/formal_fixed_20260803/p5v31_formal_fixed_20260803_summary.csv,d2821f54e2035d20c24dc8c70a1bc082d5758d80d0573d9c3016a26cbf6b7ec9,1519,CANONICAL
system,status,05_reports/p5_minimal_core/P5_1_INVALID_FOR_FINAL_RETRIEVAL.md,d5b36324d660012795f9f424f12ca793317d9f5ab78aa60ab52d4bf43d250bed,1628,CANONICAL
all,audit,05_reports/publication_readiness/README.md,e330be9330504ce7af78920245f4c77055922610a66638871bde443f1cb69a2d,2048,CANONICAL
all,audit,05_reports/publication_readiness/audit_checks.csv,2e049abdff7b41404aa0ef3c438727695f9bec6ee9e10e2f8f085c7487e86d78,3812,CANONICAL
all,audit,05_reports/publication_readiness/experiment_gap_matrix.csv,7a7b65cbf9cc7274cca0610e8e1498090bff2c771c78de4c801f1da279050bfd,1910,CANONICAL
all,audit,05_reports/publication_readiness/hardcoded_path_audit.csv,f841461e8e55c1fbe007028aed23ef096f1752025a6ff255058a7040c98396b1,12567,CANONICAL
all,audit,05_reports/publication_readiness/manifest.json,77c97db4c5dc3c912f70a6d80277a130a64813a41938d86a6b130f9a68f34001,876,CANONICAL
all,audit,05_reports/publication_readiness/ranking_integrity.csv,6b5efe0e0486242034181657fcc47c9b80864ac605029e2faca70c6a7e496ded,1121,CANONICAL
all,audit,05_reports/publication_readiness_v2/DEEP_EXPERIMENT_AUDIT.md,fe2e84c2abc85c2cd53c3885737378fc44d09fd2cc6283f61eb443174639f035,2218,CANONICAL
all,audit,05_reports/publication_readiness_v2/experiment_gap_matrix.csv,1fcaf8c3daad352d4bb38a2b2c56e46ea1150f56853f11e0d91ee693a53bf1c0,4892,CANONICAL
all,audit,05_reports/publication_readiness_v2/manifest.json,4fd90f41edbef88962de8d169dbd7c0dd5e0fcdec6fa21fa8df460aefaf30cfe,598,CANONICAL
analysis,formal_result,05_reports/question_type_breakdown_v1/QUESTION_TYPE_BREAKDOWN_REPORT.md,69d785dc147030e04aa09458b6fc44df0b96877abba3435100345f196e459381,1397,CANONICAL
analysis,formal_result,05_reports/question_type_breakdown_v1/TABLE5_QUESTION_TYPE_BREAKDOWN.md,716183a1511604b08eba69425f45ed7f550eafde94b8544663f88966cbe9414d,2704,CANONICAL
analysis,formal_result,05_reports/question_type_breakdown_v1/manifest.json,914f82e554b7edafed37c2f3031ce29b760e9c313181bfbe31ef41d330659a91,1232,CANONICAL
analysis,formal_result,05_reports/question_type_breakdown_v1/question_type_deltas.csv,8bc353b3e2f1b8abf8ab59edb3bd50783d5f37e075b7c1c657209b8d03e3277c,6532,CANONICAL
analysis,formal_result,05_reports/question_type_breakdown_v1/question_type_scores.csv,6ea85b596126d6dd29a02efa00d5753a3ad27a121f22f583144adf591bc25150,5711,CANONICAL
reader,formal_result,05_reports/reader_main_hingemem_style/README.md,eec7b9181dbcc1d7bb15a3b53de4f142193f4027366a03ce7844dbfc9bca1b5a,1864,CANONICAL
reader,formal_result,05_reports/reader_main_hingemem_style/TABLE4_READER_QA_QUALITY.md,a1822948773c4e22513c83f0599f41c5c2bd313237833cd94fc65b2ec3f1e779,3747,CANONICAL
reader,formal_result,05_reports/reader_main_hingemem_style/manifest.json,92c15cc403cc0b5d5d72c2be162a2cd543188bd5ccc162a70db01a9795826a34,2047,CANONICAL
reader,formal_result,05_reports/reader_main_hingemem_style/reader_main_data.csv,c0e3ebdc313eb7680a4517b1b54844a49c1a0ee7be8f50ad415e0c32598c049b,7247,CANONICAL
reader,formal_result,05_reports/reader_main_hingemem_style/reader_main_hingemem_style_with_j.png,2def9365626cfed7a2c8d67fbded37126f7663cb5f180045562ece0b1450f926,362474,CANONICAL
retrieval,formal_result,05_reports/retrieval_main_table/candidate_pool_oracle_audit.csv,10cc6ab12b13b914b2b051b0d2d1645edf42bddfe1e3e24a5358ca77ef4de088,858,CANONICAL
retrieval,formal_result,05_reports/retrieval_main_table/historical_metric_reconciliation.csv,18185469bff860a7a61b5e49f3a74d6b0c34c4cf35fb65669bea7ea7b37dbb1d,875,CANONICAL
retrieval,formal_result,05_reports/retrieval_main_table/retrieval_exclusion_audit.csv,9015e7da58fb765c99560a4fe46070b62aab537cafe5aac28c336dd145225afd,282,CANONICAL
retrieval,formal_result,05_reports/retrieval_main_table/retrieval_main_by_category.csv,a8235be856a5b87c94d8381d05b8b7713ca964449a98933629c63ef129063be2,9771,CANONICAL
retrieval,formal_result,05_reports/retrieval_main_table/retrieval_main_data.json,1ca1826ce352aaadce468dbf15b24006d66fab7de1d69b5e3bcb9d1f815b1108,45340,CANONICAL
retrieval,formal_result,05_reports/retrieval_main_table/retrieval_main_manifest.json,4c16de796c09f4b5993569f483386605edaf22b669e64067798174fac797d144,3720,CANONICAL
retrieval,formal_result,05_reports/retrieval_main_table/retrieval_main_overall.csv,76b946927647a5da27e192c74a1a181b24a199471eb977a810f1e7eff2580948,3615,CANONICAL
retrieval,formal_result,05_reports/retrieval_main_table/retrieval_main_per_query.csv,93b8489031a50f142e6ca79c029150e51b98c2e99e599b98a5a8e4007a461c28,1272730,CANONICAL
retrieval,formal_result,05_reports/retrieval_main_table/retrieval_main_significance.csv,c0098e0513f2a3435b690e632f2bbe131dba5870b2f607fec2e28d20890740e4,3098,CANONICAL
all,protocol,05_reports/unified_evaluation_protocol_v1/UNIFIED_EVALUATION_PROTOCOL.md,aac776d18a6976dffc1c1464215a4f9e77c48058ae90207f8b03f1971c5808ad,1449,CANONICAL
all,protocol,05_reports/unified_evaluation_protocol_v1/prediction_cache_registry.csv,cdfe7049c46f332b39b3c5f4998884e13c5ff81c6e3c95a98d05a2eccb9e22df,3314,CANONICAL
all,protocol,05_reports/unified_evaluation_protocol_v1/protocol_manifest.json,9d2a5b309f7d7f74e8104781e4f14ddd6aac7d41b3c112042b5385be77b26277,5876,CANONICAL
literature,protocol_evidence,08_literature/README.md,d2d800bbe78d7abcfbf0e0b089206c12da710ac0dae910883f1e49975c9950c7,1304,CANONICAL
literature,protocol_evidence,08_literature/metric_protocol_matrix.csv,24d9774355aedc1c6b62ce89e4d1607074af3063bf37685b78c801ff22f593d3,2484,CANONICAL
