comparison,metric,left_out_conversation,mean_delta
ZScore_Linear - Weighted_RRF_dev,MRR,conv-26,0.02530974647708115
ZScore_Linear - Weighted_RRF_dev,MRR,conv-30,0.019402126301097302
ZScore_Linear - Weighted_RRF_dev,MRR,conv-41,0.02543817794318796
ZScore_Linear - Weighted_RRF_dev,MRR,conv-43,0.024760353386896597
ZScore_Linear - Weighted_RRF_dev,MRR,conv-44,0.023318804964374582
ZScore_Linear - Weighted_RRF_dev,MRR,conv-47,0.02571388888888889
ZScore_Linear - Weighted_RRF_dev,MRR,conv-49,0.02402510299894606
ZScore_Linear - Weighted_RRF_dev,MRR,conv-50,0.024685979902713776
ZScore_Linear - Weighted_RRF_dev,rF1,conv-26,0.0007383221374669863
ZScore_Linear - Weighted_RRF_dev,rF1,conv-30,0.002491608693941463
ZScore_Linear - Weighted_RRF_dev,rF1,conv-41,0.0034893750869076927
ZScore_Linear - Weighted_RRF_dev,rF1,conv-43,0.001687819992476785
ZScore_Linear - Weighted_RRF_dev,rF1,conv-44,-0.0005134246860303734
ZScore_Linear - Weighted_RRF_dev,rF1,conv-47,0.0057122737767136165
ZScore_Linear - Weighted_RRF_dev,rF1,conv-49,0.000565068778680584
ZScore_Linear - Weighted_RRF_dev,rF1,conv-50,-0.002477007227303582
ZScore_Linear - Weighted_RRF_dev,rEM,conv-26,0.003006012024048096
ZScore_Linear - Weighted_RRF_dev,rEM,conv-30,0.002806361085126286
ZScore_Linear - Weighted_RRF_dev,rEM,conv-41,0.0070140280561122245
ZScore_Linear - Weighted_RRF_dev,rEM,conv-43,0.00411522633744856
ZScore_Linear - Weighted_RRF_dev,rEM,conv-44,0.0009737098344693282
ZScore_Linear - Weighted_RRF_dev,rEM,conv-47,0.005
ZScore_Linear - Weighted_RRF_dev,rEM,conv-49,0.0030181086519114686
ZScore_Linear - Weighted_RRF_dev,rEM,conv-50,0.0020161290322580645
ZScore_Linear - Weighted_RRF_dev,WrongAbst,conv-26,-0.00501002004008016
ZScore_Linear - Weighted_RRF_dev,WrongAbst,conv-30,-0.006548175865294668
ZScore_Linear - Weighted_RRF_dev,WrongAbst,conv-41,0.0
ZScore_Linear - Weighted_RRF_dev,WrongAbst,conv-43,-0.0051440329218107
ZScore_Linear - Weighted_RRF_dev,WrongAbst,conv-44,-0.0019474196689386564
ZScore_Linear - Weighted_RRF_dev,WrongAbst,conv-47,-0.008
ZScore_Linear - Weighted_RRF_dev,WrongAbst,conv-49,-0.005030181086519115
ZScore_Linear - Weighted_RRF_dev,WrongAbst,conv-50,-0.0030241935483870967
ZScore_Linear - MinMax_Linear,MRR,conv-26,0.005823154244997932
ZScore_Linear - MinMax_Linear,MRR,conv-30,0.004887003133027455
ZScore_Linear - MinMax_Linear,MRR,conv-41,0.006267694118395521
ZScore_Linear - MinMax_Linear,MRR,conv-43,0.004201368476059834
ZScore_Linear - MinMax_Linear,MRR,conv-44,0.005041653142918965
ZScore_Linear - MinMax_Linear,MRR,conv-47,0.0055821428571428576
ZScore_Linear - MinMax_Linear,MRR,conv-49,0.003967455526811664
ZScore_Linear - MinMax_Linear,MRR,conv-50,0.00619919674859191
ZScore_Linear - MinMax_Linear,rF1,conv-26,-0.009947342332733531
ZScore_Linear - MinMax_Linear,rF1,conv-30,-0.005835140446424102
ZScore_Linear - MinMax_Linear,rF1,conv-41,-0.010212586056962843
ZScore_Linear - MinMax_Linear,rF1,conv-43,-0.006290968680565423
ZScore_Linear - MinMax_Linear,rF1,conv-44,-0.007646066542664088
ZScore_Linear - MinMax_Linear,rF1,conv-47,-0.004421320614008646
ZScore_Linear - MinMax_Linear,rF1,conv-49,-0.007451413568541337
ZScore_Linear - MinMax_Linear,rF1,conv-50,-0.008128205339333169
ZScore_Linear - MinMax_Linear,rEM,conv-26,-0.0070140280561122245
ZScore_Linear - MinMax_Linear,rEM,conv-30,-0.005612722170252572
ZScore_Linear - MinMax_Linear,rEM,conv-41,-0.0070140280561122245
ZScore_Linear - MinMax_Linear,rEM,conv-43,-0.00720164609053498
ZScore_Linear - MinMax_Linear,rEM,conv-44,-0.007789678675754625
ZScore_Linear - MinMax_Linear,rEM,conv-47,-0.004
ZScore_Linear - MinMax_Linear,rEM,conv-49,-0.005030181086519115
ZScore_Linear - MinMax_Linear,rEM,conv-50,-0.005040322580645161
ZScore_Linear - MinMax_Linear,WrongAbst,conv-26,0.003006012024048096
ZScore_Linear - MinMax_Linear,WrongAbst,conv-30,-0.0037418147801683817
ZScore_Linear - MinMax_Linear,WrongAbst,conv-41,0.003006012024048096
ZScore_Linear - MinMax_Linear,WrongAbst,conv-43,-0.00102880658436214
ZScore_Linear - MinMax_Linear,WrongAbst,conv-44,0.0009737098344693282
ZScore_Linear - MinMax_Linear,WrongAbst,conv-47,-0.006
ZScore_Linear - MinMax_Linear,WrongAbst,conv-49,-0.002012072434607646
ZScore_Linear - MinMax_Linear,WrongAbst,conv-50,-0.0010080645161290322
MinMax_Linear - Weighted_RRF_dev,MRR,conv-26,0.01948659223208321
MinMax_Linear - Weighted_RRF_dev,MRR,conv-30,0.014515123168069848
MinMax_Linear - Weighted_RRF_dev,MRR,conv-41,0.01917048382479244
MinMax_Linear - Weighted_RRF_dev,MRR,conv-43,0.020558984910836763
MinMax_Linear - Weighted_RRF_dev,MRR,conv-44,0.01827715182145562
MinMax_Linear - Weighted_RRF_dev,MRR,conv-47,0.02013174603174603
MinMax_Linear - Weighted_RRF_dev,MRR,conv-49,0.020057647472134392
MinMax_Linear - Weighted_RRF_dev,MRR,conv-50,0.018486783154121864
MinMax_Linear - Weighted_RRF_dev,rF1,conv-26,0.010685664470200517
MinMax_Linear - Weighted_RRF_dev,rF1,conv-30,0.008326749140365564
MinMax_Linear - Weighted_RRF_dev,rF1,conv-41,0.013701961143870534
MinMax_Linear - Weighted_RRF_dev,rF1,conv-43,0.007978788673042206
MinMax_Linear - Weighted_RRF_dev,rF1,conv-44,0.007132641856633713
MinMax_Linear - Weighted_RRF_dev,rF1,conv-47,0.010133594390722263
MinMax_Linear - Weighted_RRF_dev,rF1,conv-49,0.00801648234722192
MinMax_Linear - Weighted_RRF_dev,rF1,conv-50,0.005651198112029586
MinMax_Linear - Weighted_RRF_dev,rEM,conv-26,0.01002004008016032
MinMax_Linear - Weighted_RRF_dev,rEM,conv-30,0.00841908325537886
MinMax_Linear - Weighted_RRF_dev,rEM,conv-41,0.014028056112224449
MinMax_Linear - Weighted_RRF_dev,rEM,conv-43,0.01131687242798354
MinMax_Linear - Weighted_RRF_dev,rEM,conv-44,0.008763388510223954
MinMax_Linear - Weighted_RRF_dev,rEM,conv-47,0.009
MinMax_Linear - Weighted_RRF_dev,rEM,conv-49,0.008048289738430584
MinMax_Linear - Weighted_RRF_dev,rEM,conv-50,0.007056451612903226
MinMax_Linear - Weighted_RRF_dev,WrongAbst,conv-26,-0.008016032064128256
MinMax_Linear - Weighted_RRF_dev,WrongAbst,conv-30,-0.002806361085126286
MinMax_Linear - Weighted_RRF_dev,WrongAbst,conv-41,-0.003006012024048096
MinMax_Linear - Weighted_RRF_dev,WrongAbst,conv-43,-0.00411522633744856
MinMax_Linear - Weighted_RRF_dev,WrongAbst,conv-44,-0.0029211295034079843
MinMax_Linear - Weighted_RRF_dev,WrongAbst,conv-47,-0.002
MinMax_Linear - Weighted_RRF_dev,WrongAbst,conv-49,-0.0030181086519114686
MinMax_Linear - Weighted_RRF_dev,WrongAbst,conv-50,-0.0020161290322580645
